scene,lap2mean_mean,lap2mean_std,lap2mean_max,lap2mean_min,lap2mean_median,lap2std_mean,lap2std_std,lap2std_max,lap2std_min,lap2std_median,bitrate,ssim
hevc_3_6_6,22.26680588,0.426958325,23.62150039,21.63988534,22.20669628,17.71180207,0.340030492,18.85127068,17.19189072,17.66900921,193.27,0.9769768
hevc_3_20_8,22.67034402,2.736237549,26.70557629,16.00842064,22.99597133,18.60207326,2.146562041,21.82383156,13.63477707,18.90904808,108.78,0.9940603
hevc_3_65_8,30.53447544,2.736476729,35.17793602,23.94407878,31.45764898,23.58191821,1.996698426,27.21404648,18.84357262,24.11820412,402.5,0.9903913
hevc_5_17_8,3.8888105,0.30248183,4.820850212,3.455765625,3.789427298,3.445467292,0.322280829,4.433170795,3.003344536,3.326504111,76.35,0.9864882
hevc_5_26_8,10.4636045,0.14588571,10.84859936,10.16099912,10.44572043,9.626624736,0.129247688,9.974071503,9.361316681,9.60929966,75.09,0.9796289
hevc_5_35_4,12.0724294,3.785161609,17.49463506,6.597193104,12.20646686,11.31296917,3.598569355,16.49281311,6.075093746,11.5035677,234.37,0.9802249
hevc_5_40_2,10.29684388,0.878581724,11.83024242,8.601478237,10.47468385,9.824530196,0.850013511,11.30663013,8.165328979,10.01374626,146.44,0.9837031
hevc_5_47_3,9.657873488,0.334863058,10.99724857,9.096840245,9.644832748,8.975602508,0.333576706,10.29824257,8.450322151,8.953742504,105.44,0.9780305
hevc_5_56_3,5.586975825,4.089373215,14.53103001,2.339049037,3.270330955,4.94126082,4.15193241,13.99407864,1.647704363,2.63078618,91.52,0.9829275
hevc_5_62_3,21.39197477,0.641399137,23.03114797,20.23160801,21.33678774,18.17072966,0.625376572,19.82193756,17.1137867,18.08666229,185.82,0.9806091
hevc_5_66_6,7.682521905,2.231307025,10.24840775,2.271676027,8.708263586,6.887255777,2.120068548,9.351582527,2.013769627,7.91837883,65.09,0.9776873
hevc_5_80_4,11.53951609,2.106124464,13.99855743,6.701272633,12.28097417,10.72942729,1.950664736,13.14121628,6.228040695,11.36038399,174.1,0.9795629
hevc_5_85_4,6.688455212,0.644523063,7.637353864,5.390856221,6.896609993,6.086993014,0.590587326,7.04353714,4.846229553,6.278976917,105.78,0.9800417
hevc_5_92_3,10.20342093,0.412695485,11.03509437,9.05760071,10.31976136,8.733951277,0.405043446,9.68209362,7.577888489,8.845198154,181.84,0.9782448
hevc_5_96_20,20.57991723,0.513092683,21.7631165,18.97319469,20.56429011,17.80410984,0.487122448,18.89878082,16.38831329,17.79841423,204,0.979215
hevc_5_117_2,5.184060371,0.322994996,5.549158792,4.452359318,5.316910472,5.759063711,0.204720968,6.07787323,5.221683025,5.845419407,123.52,0.9740838
hevc_5_120_6,19.26358608,1.341458387,21.66769868,16.71808008,19.08188132,16.71259776,1.138483917,18.84132957,14.54690742,16.57602501,269.23,0.9767195
hevc_5_134_3,21.17336463,0.462396754,22.28968273,20.29896785,21.1642604,18.41251914,0.403493902,19.40625,17.64528465,18.38181973,269.12,0.9767928
hevc_5_139_4,8.307492709,0.146803123,8.684608912,8.030057707,8.277962179,7.731206263,0.149104491,8.11468029,7.439441681,7.699288368,46.74,0.9799574
hevc_5_150_5,4.607774762,0.084213592,4.794344853,4.481331354,4.579642712,4.238738557,0.083536475,4.423181057,4.108476162,4.206888199,41.8,0.9834762
hevc_5_156_2,3.495796122,1.113249372,5.064097211,1.618276257,3.719115039,3.137539435,1.14325179,4.759555817,1.211565733,3.41413331,146.88,0.9830672
hevc_5_163_26,11.666453,1.05209828,14.62631507,9.735134432,11.37455665,10.60954504,0.977411183,13.26935291,8.766586304,10.32077312,150.68,0.9825698
hevc_5_190_2,8.64736277,0.411383914,9.66204127,8.102790408,8.634378835,7.70515029,0.416144058,8.80510807,7.143014431,7.697889328,83.86,0.9832136
hevc_5_193_4,7.761351214,0.267786828,8.911806963,7.320246058,7.71025724,6.625032837,0.275129391,7.721244335,6.116579056,6.593864918,92.64,0.9815184
hevc_5_203_3,13.02110958,0.361657485,13.97229915,12.38329245,12.96041536,11.71364125,0.351353935,12.59980011,11.07951355,11.65736961,91.27,0.9856455
hevc_5_211_7,4.308722741,0.774731056,5.90228332,2.863162508,4.336249742,3.353222433,0.648729573,4.553403378,1.748885036,3.496558785,191.93,0.9817403
hevc_5_224_4,6.270957507,1.723191441,9.787343428,2.268391256,6.249970042,5.520866086,1.630722376,8.91503334,1.760947943,5.449515104,301.14,0.9770751
hevc_5_232_8,37.43669219,7.890697842,49.34087775,19.26056807,38.84290935,36.4868235,7.388942077,47.36933136,19.16802216,37.91469574,273.74,0.9979693
hevc_6_20_6,56.22579322,9.81547401,62.8060806,0.545268478,58.65979603,46.16347654,7.814652126,51.08005524,0.499860287,47.75670624,770.91,0.982001
hevc_6_29_2,20.25971657,1.995076363,25.84836789,17.96026889,20.26742751,19.58453182,1.769287869,24.71849632,17.51387787,19.68667793,162.04,0.9848524
hevc_6_43_3,13.39739152,1.520150538,15.50151891,10.76241951,13.63288576,12.58432004,1.511689063,14.7212286,9.951755524,12.70619202,289.25,0.9749181
hevc_6_63_3,11.41024093,0.557183025,13.21246607,10.2404279,11.29300061,10.69270521,0.56533474,12.51378441,9.593357086,10.51532984,177.31,0.9867479
hevc_6_75_5,24.51267745,0.999707722,26.52011209,22.10972628,24.43771101,21.461375,0.91485357,23.34022903,19.31344986,21.39158821,317,0.9814009
hevc_6_102_6,21.38558929,3.591111062,27.01640556,15.29433064,22.47300124,18.87421281,3.267528522,24.00940323,13.59026051,19.87613964,672,0.975294
hevc_6_158_3,30.8530899,6.20309325,35.66013892,0.071291411,32.04257813,25.58007951,5.136834368,29.39609528,0.071180709,26.56812763,488.17,0.9639946
hevc_6_179_2,38.92727848,2.223016238,44.90733732,36.03542535,37.95303235,30.80988741,1.751881075,35.62014771,28.56707001,30.0355196,925.58,0.954223
hevc_6_182_3,31.89965012,3.610673747,38.35463947,15.34417165,31.66896785,25.21368814,2.802894927,29.9507103,12.31486702,25.09851265,871.39,0.9474723
hevc_6_263_8,13.74673985,1.255144746,17.69334719,11.63214351,13.47204741,12.64855358,1.11764457,16.21756744,10.63922691,12.34991693,413.99,0.9792254
hevc_6_327_2,17.88783981,0.831845073,20.54545207,16.42199208,17.82819852,15.67502455,0.785741704,18.19271278,14.24296856,15.58362103,916.34,0.96607
hevc_6_344_4,13.24856367,3.22157314,17.84512415,6.292445288,12.94413273,12.16357724,3.063473339,16.49133492,5.53367281,11.87534809,426.39,0.9782259
hevc_8_0_2,39.15911336,12.22329079,53.21938766,20.95635447,43.89131002,31.78849709,10.68442256,43.27997208,15.18580341,36.304636,786,0.9654139
hevc_9_1_12,24.72799359,1.130212769,27.85337477,22.61024019,24.50434094,22.04632062,1.066539018,24.99345779,20.07251167,21.83999443,307.71,0.9823864
hevc_12_1_4,22.05465008,0.939451978,25.74246965,20.44758194,21.87253761,19.94979776,0.725621384,22.52477837,18.76916122,19.80438137,697.97,0.85928
hevc_12_6_3,26.63855529,5.829095786,42.90320569,19.43439736,24.95275565,23.12832502,4.047195992,33.72002411,17.3586998,22.23025131,1461.42,0.8661657
hevc_13_15_3,9.804595962,0.147119435,10.10614632,9.42810642,9.847047863,8.63704496,0.138646971,8.928858757,8.279712677,8.679684162,103.7,0.987674
hevc_13_19_3,20.37609506,0.071812627,20.49167818,20.3207668,20.33170929,18.40475933,0.048466877,18.48597717,18.36020088,18.37549877,124.03,0.9868423
hevc_13_30_8,10.50235603,1.434703827,14.79963067,6.714816197,10.53788752,9.145715993,1.3048141,13.02942753,5.65472126,9.196774483,199.98,0.9734348
hevc_13_39_3,20.71538881,0.376531477,21.47516777,19.93608638,20.75965969,14.11321585,0.347920613,14.82074451,13.45913124,14.16175938,430.39,0.9774753
hevc_13_43_2,8.897675491,0.24728192,9.545573094,8.500623344,8.903088559,6.744952977,0.24619154,7.357310295,6.310734749,6.775032282,148.16,0.9830264
hevc_13_53_5,8.461168678,0.26602415,9.017709052,7.989299055,8.452036446,7.202647706,0.223804981,7.689598083,6.75874567,7.189276695,84.22,0.978909
hevc_19_0_14,13.59473672,1.821537341,16.25593623,11.54619376,12.31397033,12.19672714,1.921676883,14.90960217,10.0920763,10.81021786,144.27,0.9839001
hevc_19_15_3,19.40473785,1.257223636,21.72649086,16.95564407,19.45022177,17.84870337,1.266382106,20.17497063,15.34919357,17.91485214,128.87,0.9848211
hevc_20_9_2,17.19477674,0.992412007,19.84876136,15.76167906,16.81293342,15.0019754,0.98296874,17.75692749,13.58500195,14.67175388,370.62,0.970849
hevc_20_17_2,20.38711171,1.02933385,22.89409903,18.56448508,20.29537435,18.35837673,0.913989931,20.7904129,16.97460365,18.22617435,493.41,0.9636386
hevc_20_39_2,17.58037252,0.480010432,18.5453595,16.85341864,17.47798513,16.56895491,0.50272149,17.56948662,15.79068565,16.45942783,244.63,0.971688
hevc_20_74_3,25.52353202,0.799001113,27.77099255,24.27452373,25.37645157,24.29026174,0.719407642,26.25889015,23.06252861,24.15746689,517.7,0.9711357
hevc_20_80_3,20.05838735,0.612557196,21.56465824,18.65822265,20.01095205,19.20437925,0.60310342,20.61713791,17.85551071,19.15374947,370.74,0.9748128
hevc_20_84_8,10.47260965,1.231903079,13.63308896,7.961548188,10.74282879,9.28173914,1.161717149,12.28373909,6.939804554,9.535139084,235.28,0.9723274
hevc_20_93_2,15.61268282,0.190485998,16.16946974,15.29412162,15.58051901,14.27929422,0.177387992,14.80508327,13.98554707,14.2476182,164,0.9794683
hevc_20_99_7,18.28902871,0.215707417,18.8148642,17.63656864,18.29296666,16.5408512,0.205352493,17.03192139,15.92645836,16.5316906,236.49,0.9821061
hevc_20_110_2,10.20448905,1.33530445,12.61772021,7.711742108,10.03176469,9.537820234,1.340153157,11.96759701,7.037324905,9.374054432,299.74,0.9760305
hevc_20_117_5,7.098877911,0.637660262,8.957946864,5.372278811,7.102511604,6.671733261,0.618891081,8.492518425,5.021544933,6.677527428,227.39,0.9745595
hevc_20_123_3,11.11153175,0.678719328,12.78865445,10.16278561,10.96444853,10.37625037,0.664677881,12.0192852,9.44992733,10.25496769,240.91,0.9681262
hevc_20_127_3,15.27943912,0.711077491,17.57371125,14.11590553,15.0709934,14.26292121,0.709107642,16.45368385,13.02326775,14.04872131,313.97,0.97301
hevc_20_142_4,16.11022386,0.980307538,18.25986246,13.11883167,16.03109746,15.32219957,0.943064805,17.40300179,12.50980759,15.21103573,388.49,0.9668396
hevc_20_182_2,23.31477204,0.99613503,25.26877614,21.50699519,23.25578477,21.39133896,0.934087348,23.21905136,19.75926208,21.2777195,543.82,0.963591
hevc_20_199_5,17.8304885,0.690095588,19.69242405,16.56435721,17.63974529,16.97269566,0.722565734,18.84611511,15.6735487,16.80046844,217.16,0.9767185
hevc_20_210_3,16.56420547,1.262439361,19.87525412,13.91677698,16.54501952,15.7475745,1.274418351,19.12386703,13.08845806,15.74680233,314.13,0.9730058
hevc_20_224_2,13.77682961,0.748903874,15.4304089,12.61982908,13.59984853,12.81506145,0.714341749,14.39080334,11.68968296,12.65731192,261.68,0.9717802
hevc_20_228_2,11.31374593,1.256327071,13.96193643,9.22993644,11.15311583,10.29999763,1.194281094,12.90191746,8.260359764,10.12917328,488.9,0.9651832
hevc_20_232_2,15.59438763,0.818671046,17.79092289,14.42481973,15.30383071,13.31830784,0.746639519,15.35488129,12.28454494,13.05620384,412.24,0.9552188
hevc_20_279_2,10.53242783,0.64286528,12.03505989,9.382310382,10.49861274,8.412145185,0.565447904,9.881063461,7.409362793,8.384943485,474.83,0.9600716
hevc_23_9_2,23.10025139,0.745642389,25.0863061,21.53463156,23.01844389,20.04315873,0.660377535,21.81562042,18.65224075,19.95238686,250.19,0.9798782
hevc_23_27_2,11.25121573,0.64528308,12.84001607,10.24239905,11.17681852,10.72102953,0.678128509,12.34487438,9.619510651,10.62759113,155.12,0.9877852
hevc_23_34_2,18.93913664,1.258466039,20.90293176,16.31144109,19.56063961,16.68322859,1.120542507,18.43058968,14.38265991,17.25286674,318.36,0.9653426
hevc_23_67_2,23.14063126,1.546785826,26.56029288,20.08292288,22.97162238,20.02357966,1.330975169,23.00108147,17.41104698,19.75990105,429.3,0.9707172
hevc_23_110_2,7.197762436,1.604319024,9.951578784,2.671991714,7.341386131,5.830662289,1.596005814,8.808390617,1.815411091,6.018592834,768.85,0.9713252
hevc_23_123_2,10.69677723,5.067116861,21.25023193,2.780558811,9.638264025,9.367806247,4.502742414,18.63308525,2.208287477,8.569057465,906.36,0.9651075
hevc_23_152_3,11.88477507,2.773023186,16.6083589,8.42388224,11.62225047,10.63270472,2.307858749,14.87048912,7.649371147,10.44451809,533.53,0.9726785
hevc_23_156_3,20.44113966,0.472895457,21.74520786,19.74849956,20.32201099,18.21546482,0.438281902,19.39649963,17.59262848,18.12825775,287.56,0.9771468
hevc_23_163_2,21.06896839,0.856294728,23.56114521,19.48951478,20.93914041,19.37843436,0.800273061,21.78193855,17.90947151,19.25924683,471.27,0.9780283
hevc_23_166_3,18.74617107,0.41847885,19.93567307,18.11465811,18.63767871,16.78311101,0.367583262,17.7196312,16.20417786,16.69333267,211.59,0.9827565
hevc_23_173_2,17.32813087,1.237621284,19.7128704,13.58429033,17.46648118,15.41165143,1.05467751,17.65139198,12.22814846,15.45220947,255.43,0.9773062
hevc_23_186_4,5.951729452,2.253600986,11.56871468,2.548130405,5.321986829,4.322017595,1.724527375,8.999341011,2.002482891,3.728779078,398.02,0.9874482
hevc_23_220_2,12.94300052,0.875098869,16.04104309,11.69232698,12.72597876,11.3186513,0.759158025,14.30702305,10.42596245,11.13538122,555.96,0.9741746
hevc_23_223_2,9.926622207,6.284898225,24.39186116,1.855920291,10.88042214,9.078163152,5.626855604,21.89146423,1.741155863,9.95061779,590.8,0.9792558
hevc_23_226_4,7.598479911,4.400716942,18.60865999,1.84914701,8.542767345,6.565439045,3.881404556,16.3994751,1.730900526,7.008491039,534.21,0.98083
hevc_25_0_21,12.30352463,0.536944066,13.22752807,10.91154671,12.39015056,11.67303555,0.745496773,12.95228481,10.0912981,11.54201174,122.5,0.9841754
hevc_25_22_10,12.3028413,0.52628174,14.12273342,10.79736645,12.27944956,11.95615162,0.613694502,13.19604301,9.936162949,12.03669453,144.86,0.9846661
hevc_25_34_14,12.29522043,0.881268958,14.31450309,9.127942173,12.47050659,12.42107556,0.84022175,14.37312698,10.14927101,12.43358421,151.65,0.9818143
hevc_25_49_17,10.12479884,0.7090574,11.85127603,8.908649536,10.01649393,10.16482572,0.510932178,11.24387741,9.20868969,10.06171322,88.8,0.9838132
hevc_25_67_9,16.62286787,0.212904122,16.99938246,16.12185331,16.60966255,14.18881741,0.177578762,14.44577694,13.74936008,14.19863129,133.9,0.9854048
hevc_25_77_2,13.0069593,0.795839544,15.05757941,11.79714662,12.99528946,11.28845095,0.629536322,13.08937263,10.30914593,11.1749115,204.69,0.9305915
hevc_25_81_6,16.61778326,0.728182562,18.80660726,15.13362569,16.62369756,15.19861192,0.719475155,17.16739655,13.52786064,15.1909008,173.86,0.9834728
hevc_25_89_18,15.60636043,1.162254096,17.40934159,13.67763606,15.84996208,14.96756224,1.059897047,16.53869438,13.21784401,15.22841644,126.23,0.983398
hevc_25_108_2,9.355907353,0.264965555,9.887638551,8.885812969,9.288782422,9.630407496,0.255222778,10.12794209,9.013617516,9.622842789,146.76,0.9843643
hevc_25_111_3,20.32493213,0.573381799,22.27576866,19.45953004,20.2321548,17.29789503,0.473238187,18.88350105,16.53087997,17.26045036,283.11,0.9741521
hevc_25_115_3,9.975534745,0.208311361,10.42428941,9.680101289,9.915746908,11.10286968,0.207370133,11.53037357,10.75999641,11.08952045,89.18,0.9892404
hevc_25_119_56,13.39973297,0.814044126,15.31992854,12.15907329,13.26262015,12.42543252,0.753595546,13.9963541,11.31720257,12.34017849,103.72,0.9858961
hevc_25_176_8,12.77317809,0.405647078,13.66221534,11.86430825,12.83004833,11.90013113,0.444022261,12.73705482,11.12626076,11.99922943,89.07,0.985624
hevc_26_8_6,3.128707453,2.443572852,13.68620231,0.465951529,2.785379064,2.853829914,2.468290073,13.31264782,0.38710162,2.344905257,183.47,0.978675
hevc_26_34_7,14.75601808,8.669347239,32.5844231,3.067798935,14.48224302,13.70884141,8.365325859,31.07129288,2.49737072,13.35066795,716.94,0.923901
hevc_28_0_10,44.32668954,1.655674517,48.46589641,39.75543214,44.61598725,33.13142118,1.247010533,36.08712387,29.85411453,33.42002296,753.32,0.9728175
hevc_28_10_5,42.70888642,2.591218967,49.93862688,36.34886169,42.16147291,31.58589177,1.907225191,36.64405441,27.10447884,31.22285461,961.43,0.9634115
hevc_28_15_5,45.81858237,2.5871632,54.02464354,41.31905619,44.99351353,34.12996475,1.914102523,39.91997147,31.5596447,33.39996147,933.29,0.9638314
hevc_28_25_5,43.68472777,2.77047296,51.19755081,38.70409169,42.71236722,32.54597544,2.107189622,38.37282944,28.76714706,31.80809212,970.97,0.9592477
hevc_28_30_6,45.68758501,4.015979838,57.61456827,39.85990328,44.11845406,33.18346909,2.697421311,40.80028534,29.42687035,32.08726501,1221.28,0.9563155
hevc_28_37_4,38.54783031,2.561582642,46.16127734,34.36701434,37.59878159,29.15909011,1.971691623,34.8139534,26.16421127,28.44373035,930.44,0.9604893
hevc_28_41_10,39.81433784,2.647803999,48.46572011,35.96004388,39.05435145,30.29277,1.9844927,36.77840424,27.56742287,29.66983795,872.96,0.9589913
hevc_28_51_8,45.36982657,3.877882184,55.05535655,38.30892654,45.55887224,34.50715604,2.780074048,41.34701538,29.75325012,34.40921402,1154.27,0.9568279
hevc_28_59_11,42.48200305,3.687853204,54.27027001,32.95673841,41.8322914,33.87372395,2.816241782,41.31855392,26.47264099,33.52023506,1020.35,0.9483423
hevc_31_3_27,27.27625376,3.145921761,30.16568424,0,27.63695036,24.94910212,2.880006877,27.78383636,0,25.27013588,109.15,0.9937755
hevc_32_0_12,38.37305992,4.955800032,51.08529173,26.47246806,38.90665709,33.17900884,4.037877663,41.7489624,22.68971443,34.25178528,541.71,0.9778895
hevc_34_3_9,34.83548566,3.157867936,36.7806161,24.11257346,36.03650256,30.02872717,2.578473792,31.5424614,21.2109108,30.99704552,273.35,0.9864295
hevc_34_13_3,9.690010636,0.70707596,11.20122143,8.561023,9.59288985,8.488844384,0.723257702,9.989786148,7.280697823,8.361939907,177.7,0.9827004
hevc_34_50_4,19.15254899,0.96268185,21.40255229,16.9680279,19.02104,16.93579129,0.9526522,19.1844635,14.88197613,16.77422523,167.14,0.9806601
hevc_34_65_9,38.40068775,1.887063464,43.72887046,34.54162563,38.46862783,30.74295994,1.962658195,35.32213211,26.71842194,31.21430016,568.76,0.9812544
hevc_34_75_18,20.15035538,6.789139005,43.99068977,7.787694262,18.45782599,17.12488272,5.560994696,37.00339127,6.789360523,15.4731636,484.33,0.9687575
hevc_34_107_4,15.0267314,0.785189426,16.97488972,13.17716336,15.09463828,12.39720098,0.78357233,14.18771458,10.63059044,12.45944595,434.16,0.972762
hevc_34_180_13,26.39067491,7.26293089,31.72565254,13.09209627,31.02346061,23.902971,7.133345659,29.0185585,11.01814461,28.48429012,257.3,0.9799514
hevc_34_313_3,14.30689606,1.179714675,19.76324251,10.91958389,14.33147744,12.20477642,1.076704442,17.25550461,8.987811089,12.14666367,372.61,0.9751762
hevc_35_0_4,39.69477058,4.788288776,48.13245174,26.89223648,40.67617143,32.85105373,3.883937619,39.5370369,22.3938427,33.66581917,1134.17,0.9635507
hevc_35_5_5,16.86566581,5.925022803,25.10771837,3.99322747,18.59801602,17.13720517,5.93005404,25.87551498,4.020601749,19.22121811,120.35,0.9979844
hevc_35_70_3,33.14381018,1.685829342,37.58972502,28.65376323,32.80339006,27.78377745,1.451162545,31.46360016,24.2310257,27.49160385,699.52,0.9624727
hevc_39_20_3,15.63747698,0.605139206,17.32090539,14.61848239,15.50658918,14.4726923,0.598263743,16.1728878,13.45043468,14.35920858,233.41,0.9785647
hevc_39_181_7,9.934053379,2.711809406,17.46241168,5.851077132,11.23480483,9.359069864,2.553639927,16.19208527,5.36506319,10.6664052,233.18,0.9842481
hevc_41_28_6,32.78945189,1.301980363,35.0698922,29.86338319,32.81835141,30.63776318,1.226584162,32.78426743,27.82357597,30.64006042,178.61,0.9915647
hevc_41_36_24,25.32486883,3.877323871,31.83058141,13.64138285,26.21628457,22.49805191,3.665945244,27.78409004,11.13177204,23.41070557,594.9,0.9802272
hevc_41_76_4,22.26479875,0.470658149,23.47146887,21.49949752,22.30982607,22.65694933,0.460112504,23.9657135,21.89204979,22.63293934,117.81,0.99627
hevc_41_136_13,25.00768748,2.370353548,26.90067927,16.17328836,25.62519054,22.94808679,2.166085252,24.69968987,15.05499077,23.43421078,184.51,0.9832162
hevc_41_150_6,31.74452321,8.354049871,46.77164387,19.55659449,26.51266775,28.70542969,6.589592636,40.58172989,17.76545525,24.75193501,232.74,0.9904051
hevc_41_182_17,19.1927153,1.449162078,22.60462937,15.32921451,19.37829206,16.7946289,1.239645148,19.68768883,12.4002037,16.96691227,370.29,0.9838894
hevc_42_0_5,55.87273191,0.701986499,59.19145562,55.27716253,55.70104089,34.33824387,0.567107466,37.74892426,33.70752335,34.2260437,478.09,0.9857601
hevc_42_14_6,16.69319558,17.71646421,43.95831405,0,0.511414853,13.49458457,14.21239486,34.70831299,0,0.427773878,864.17,0.9733882
hevc_42_22_6,17.42187665,3.934829532,26.78413395,10.311186,17.21989782,15.90338914,3.9210903,24.34466553,8.330061913,15.9599061,801.41,0.9480955
hevc_42_40_3,9.515265261,2.369338335,11.10999718,0,10.19107283,8.464082766,2.111483955,9.965372086,0,9.054501057,103.33,0.9862715
hevc_42_45_4,12.41129727,2.414189902,29.04235063,1.183145016,12.45135515,10.35708309,2.072517942,24.51597404,0.849565148,10.37798166,345.82,0.9800594
hevc_42_70_3,28.13626942,1.596587004,31.08778209,21.99625573,28.19235377,21.6115903,1.082836012,23.74413109,17.70926476,21.67138958,910.75,0.968621
hevc_42_102_3,7.733628662,0.338854508,8.534585936,6.90800654,7.714308415,6.437793403,0.312416799,7.144940376,5.665554523,6.397297859,230.67,0.9837203
hevc_42_128_5,8.430209012,1.643922272,10.75526087,5.531191723,8.985865438,6.645884258,2.196033516,9.58189106,3.123381138,7.661096573,228.22,0.9816171
hevc_42_155_5,10.07014843,2.577267617,13.50767807,6.129167968,11.40424832,8.839047709,2.562966226,12.38317585,5.10022831,10.32077885,223.05,0.9821037
hevc_42_166_3,10.70296796,1.53247712,13.04954185,7.739728458,10.83405628,8.473807017,1.639396624,10.95754719,5.277143478,8.645494938,413.91,0.9733232
hevc_43_6_14,23.0314423,12.99852115,46.87721609,8.771722478,18.75598721,19.60624396,10.72298345,38.79266357,7.604459286,16.09011459,453.05,0.9706478
hevc_43_21_39,33.73683205,2.86562834,40.41072396,22.06945795,32.74319876,25.90701143,2.847884043,31.98038292,17.16751671,24.66958809,753.22,0.9683342
hevc_43_60_7,16.42385269,10.55680113,38.19265418,6.742204757,10.10826857,13.67277712,8.614500059,31.62871742,5.451447964,8.659759521,551.56,0.9693091
hevc_43_89_5,18.02365314,5.095003807,29.37245979,9.573674075,18.2559696,15.15545969,4.09513555,23.88373566,8.122724533,15.73360729,554.1,0.9627783
hevc_43_99_5,18.65238774,1.030411771,21.2019066,16.0478696,18.58305151,16.62353957,0.980689528,19.13152313,14.17346859,16.56490517,347.72,0.9767767
hevc_43_110_4,25.87522707,1.274475538,28.38048887,23.15741367,26.11430875,21.60892878,1.141519226,23.82069206,19.28050041,21.75206661,435.05,0.9821868
hevc_43_115_8,22.39171827,8.054074229,37.49781732,7.665051442,25.22637242,18.59884365,6.335064195,30.01558685,6.108884335,21.22601604,543.38,0.9720468
hevc_43_152_3,5.397255197,2.127466213,8.014932049,1.871477761,6.405075636,4.446106861,1.98278145,7.597611427,1.366819382,4.996952057,379.81,0.9761389
hevc_43_157_4,27.85470988,10.98128863,49.9153556,17.04731449,21.58814075,22.55398753,9.933360706,42.29624176,13.30171585,16.53082085,1123.42,0.9529724
hevc_43_162_4,22.27558514,0.803484461,24.73442805,20.86611329,22.08101027,17.8976933,0.721552759,20.01189804,16.59941292,17.74819565,499.69,0.9746231
hevc_43_170_3,22.11960499,0.953054043,25.08535721,20.71094266,21.8174358,19.62376427,0.913125191,22.4460907,18.27705383,19.33932686,211.51,0.9812642
hevc_43_174_4,22.08468588,0.825544247,24.65890353,20.47575247,21.86975682,18.91382372,0.749073907,21.16088295,17.50742722,18.71319199,259.49,0.9765801
hevc_43_179_4,17.15884594,0.7982237,19.73986247,15.73281116,17.16068559,14.90367246,0.610478307,17.07118034,13.84695435,14.85860252,197.81,0.977795
hevc_43_184_5,11.86902203,2.353331739,17.83489717,8.672903849,11.30849964,10.45945066,2.392715188,16.37345314,7.178389549,9.805904388,151.96,0.9783593
hevc_43_190_4,18.44200504,0.970163838,21.25725261,16.30573469,18.43064789,15.77961291,0.645024305,17.8785038,14.41794491,15.71034813,373.09,0.9802922
hevc_43_208_7,27.92487859,4.499091551,35.3267964,14.03469256,29.59410458,23.71618741,3.863250531,29.80488396,11.53647327,25.18347549,453.81,0.9784388
hevc_46_6_3,11.00188343,0.281618181,11.62203187,10.22805409,11.12598475,9.679486961,0.284798015,10.23884392,8.923291206,9.814245224,119.71,0.9807226
hevc_46_10_29,21.89867283,1.542040623,25.28587889,14.93967208,22.0105205,19.2570281,1.327194999,22.32230949,13.2526207,19.38768768,242.26,0.9753391
hevc_46_40_6,10.70372204,0.492101598,11.6111085,9.763202043,10.54878795,9.352992516,0.403403971,10.11959076,8.507614136,9.241272926,129.92,0.9809617
hevc_46_47_36,23.32739585,10.10921929,38.30439989,0.404329511,24.8925296,19.69010814,8.490838475,30.73404884,0.376274377,22.83418274,575.2,0.9686392
hevc_48_23_17,42.55568142,4.147892198,53.15713183,34.42929483,42.63548315,38.86581701,3.664676918,48.10712051,31.20022774,38.61515617,707.52,0.9496438
hevc_48_43_9,22.68417504,5.888738054,32.70611474,13.39910485,25.06629138,21.35982871,5.691249073,30.79454613,12.39868355,22.58692265,379.82,0.9668741
hevc_48_52_9,36.87409214,4.987304793,43.54251441,22.70076311,38.8757898,32.98568047,4.480521703,38.17560959,20.61042595,35.11632538,630.74,0.9750635
hevc_48_62_4,39.70217545,1.297344879,42.36916183,32.24893825,39.82964352,34.77273645,1.178842403,36.97299194,27.54189682,34.90545464,331.94,0.9798841
hevc_48_71_2,17.11825853,1.501738147,18.8851275,15.07211617,16.34517006,16.13294202,1.566169969,17.94062424,14.06555557,15.25402784,83.69,0.963534
hevc_48_74_2,36.38169033,0.991635872,37.68443091,33.92545539,36.45320412,32.42044103,0.935682288,33.61104202,30.13378334,32.51443672,335.46,0.9721792
hevc_48_77_3,27.20399908,0.845877903,29.16421423,22.27508228,27.09999882,24.8481475,0.817308958,26.47006607,19.4605484,24.76115513,448.15,0.964678
hevc_48_81_10,31.29526307,0.157288918,31.90804908,30.92523826,31.25368142,29.97520344,0.119883848,30.44862175,29.67008591,29.9480381,129.74,0.9617698
hevc_48_92_4,44.66153118,0.510827863,46.29932705,43.38584637,44.59394958,39.6574504,0.423136527,40.97467804,38.53321457,39.61763382,370.01,0.9777875
hevc_48_97_3,24.34342063,1.38193722,26.71436482,22.31181612,24.07365089,21.3005814,1.384630797,23.56093979,19.29995918,20.94228077,211.61,0.9808979
hevc_48_101_4,35.19404615,2.427259396,39.5700202,29.63856987,35.68496528,32.09705907,2.342905017,35.92340469,26.17486191,32.82978058,1078.82,0.9548609
hevc_48_106_5,20.5990291,0.97354477,23.00190661,18.96256302,20.38279869,18.95241771,0.896255012,21.17740631,17.4209137,18.81746101,443.6,0.9612134
hevc_48_121_3,16.83425641,0.506690186,18.06712541,15.74112173,16.87483416,14.60812724,0.435107645,15.63965321,13.57787132,14.65650177,182.29,0.9727639
hevc_48_125_3,19.697907,0.68868039,21.63412301,18.52298196,19.54557856,17.23771077,0.615389319,18.92929459,16.23261833,17.09518147,340.65,0.9665088
hevc_48_129_3,16.8492065,0.760306967,18.87866741,15.53375408,16.54225896,15.05545986,0.68892241,16.90847778,13.96031094,14.78416061,252.76,0.9732947
hevc_48_136_3,15.80493071,0.629824146,17.83046654,14.51624414,15.65730017,13.86387813,0.531764513,15.57094383,12.70879173,13.76713419,250.58,0.9687901
hevc_48_143_2,15.51900769,0.49546,17.44263057,14.64593572,15.41467843,13.93979512,0.419196768,15.52178192,13.21639729,13.83459187,179.02,0.9399223
hevc_48_146_5,12.70038911,2.8462878,19.87495547,6.857818218,11.99160851,11.41998676,2.466934856,17.53809929,6.034967422,10.92755985,272.21,0.9507606
hevc_48_168_12,32.95075511,7.665546273,45.47180778,21.69590258,30.99512161,29.26924453,7.075941667,40.52454758,19.17341232,26.78312302,542.07,0.9732147
hevc_48_181_4,36.10999275,5.345107258,45.36704422,30.00345337,33.68166714,31.14565456,5.375130146,40.06029892,25.42726898,28.48689938,552.14,0.9721974
hevc_48_213_4,43.545963,0.478552862,44.81994005,42.52389752,43.5267223,39.63929828,0.372892003,40.59487152,38.79833221,39.60900497,265.15,0.9721314
hevc_48_224_5,33.20177079,1.858409371,35.46657482,18.89415047,33.31809133,30.56943913,1.876966766,34.17108536,16.11790276,30.72849464,292.32,0.969486
hevc_48_235_3,41.06653615,1.2246112,43.87332785,39.18026,40.60717004,36.34193871,1.056388258,38.89606857,34.88069153,36.08773994,550.15,0.9792926
hevc_48_252_2,23.33292588,1.119598001,24.97214268,20.85931282,23.61941267,21.34886003,1.118225943,22.9335804,18.87834358,21.65557003,256.82,0.9793347
hevc_48_259_6,27.70261404,4.219409318,38.96713985,19.78628953,26.64080714,26.33387698,3.694002144,35.82701874,18.37250328,25.33820629,398.97,0.9642668
hevc_48_272_4,33.49915111,5.55409213,44.89166375,26.45592821,30.83405012,30.06843901,5.295459028,40.68556595,24.08353615,27.4388752,960.77,0.9347709
hevc_48_302_3,25.20870617,1.189530889,28.87546397,23.0518824,25.06239449,22.90587248,1.109037185,26.12997818,20.87302589,22.78490639,546.58,0.9585947
hevc_48_317_11,35.86302294,0.193798134,36.66248681,35.29828254,35.87210592,34.24228966,0.146063034,34.75789261,33.73146439,34.23490143,162.44,0.9681485
hevc_48_334_2,24.7954283,4.329686716,28.08001611,17.68813924,27.48119404,22.92404002,4.356396797,26.16284752,15.78999615,25.64273643,167.22,0.9732092
hevc_48_343_9,30.77428594,6.945446192,42.0241833,14.59038078,32.93079026,26.72841496,5.105970397,35.3923912,11.98132515,27.65602779,485.27,0.9742458
hevc_50_0_9,28.54133631,2.424141064,34.68098369,20.84816456,28.66715185,25.28302262,2.036493214,30.72408295,18.81643105,25.40646553,1049.64,0.9383929
hevc_50_11_6,24.67886279,2.104646523,31.87622642,19.63770597,24.99445678,21.35292253,1.481174119,26.46070099,17.6207428,21.4250536,1638.65,0.9153301
hevc_50_19_2,24.08273971,4.345349183,29.97516367,16.89354811,24.60570947,21.74255392,3.422536491,26.77556038,16.30323219,21.92226601,1217.94,0.949151
hevc_50_29_4,26.87547311,1.946875752,31.57201763,22.44378353,26.70974442,23.13372427,2.012464964,27.57068634,18.81388855,23.25341606,1208.15,0.9300127
hevc_50_34_2,25.96072223,0.947926369,28.12712557,23.82883964,25.93022508,23.40530213,0.864311119,25.41217422,21.50274277,23.42603111,979.36,0.9219131
hevc_50_38_2,27.69572326,1.149494542,31.06246267,24.77735699,27.76291689,22.92571734,0.984033626,25.88421249,20.42807961,22.94344902,1522.27,0.9401968
hevc_50_41_5,30.99034689,2.787805337,41.4640958,26.53934308,30.16050124,27.31700545,2.256142639,35.31710434,23.61129761,26.58362103,1821.05,0.8742364
hevc_50_53_11,41.75740361,2.935617343,49.95132885,34.86553586,41.92247403,34.88375299,2.478813036,41.42126846,28.59280968,35.15056229,1184.7,0.9314818
hevc_50_72_5,63.05910132,6.672015745,74.58815307,46.48758917,63.62764063,47.48765373,5.524534,58.09204865,34.948349,48.11476135,1801.71,0.9292121
hevc_50_83_2,57.56493134,2.683181432,66.31231223,49.54089762,57.94169474,43.1006992,1.964771459,49.67807007,37.01074219,43.2501564,1827.94,0.9584551
hevc_50_86_8,32.31689487,5.365478058,41.83978522,22.78660372,32.90748633,28.3103286,4.500917313,36.78678513,20.31344414,28.79187202,895.69,0.9491372
hevc_54_4_3,20.94501826,2.162404759,27.36550474,17.42271404,20.7679285,17.98020143,1.874263157,23.51968575,14.99177361,17.8176136,518.85,0.9738711
hevc_54_15_2,8.316008044,1.393318272,10.35680071,5.84849315,7.893109249,6.863872843,1.123600169,8.481609344,4.705726624,6.579940557,344.24,0.9829129
hevc_54_18_3,12.41116706,1.067158339,14.39766227,10.27728622,12.43816125,10.73116267,0.979251679,12.68258286,8.740699768,10.70245838,486.62,0.9600206
hevc_54_31_6,25.43630269,1.944155453,30.50658408,20.95956088,25.56588251,20.69029327,1.625132407,25.12326241,17.10905838,20.73807526,965.67,0.952534
hevc_54_41_8,22.57289292,1.279803738,25.34311902,19.05464025,22.65580022,18.63271142,1.054575492,21.01414299,15.52055454,18.71983051,317.46,0.9672685
hevc_54_56_5,11.73025318,1.173301361,13.99335649,9.300538439,11.80316342,10.66710773,1.053378836,12.76788712,8.445849419,10.70403099,124.45,0.9876062
hevc_54_84_3,11.74094309,1.215485328,13.69355591,9.378663021,11.93203562,10.56651803,1.080409014,12.40716171,8.44373703,10.6903944,181.94,0.9681774
hevc_54_110_7,12.83778502,0.806373587,15.03503142,11.17456432,12.76534948,11.4025853,0.75867852,13.42228127,9.842247963,11.32980728,349.62,0.9733164
hevc_54_122_6,13.80083012,0.585580254,15.53324033,12.35495499,13.71127356,12.16430787,0.536354473,13.79564476,10.93789768,12.09279299,177.22,0.9691984
hevc_54_139_3,8.845387502,1.316251734,12.0522449,6.736661943,9.045707772,7.957437496,1.243230639,11.03210068,5.962220192,8.164995193,251.96,0.9760985
hevc_54_143_3,4.866791155,0.475644777,6.266751538,4.154373319,4.857758771,4.264822009,0.49215643,5.633462906,3.473487854,4.269451141,146.33,0.9850098
hevc_55_0_2,18.53662302,3.501374826,22.82497786,13.00427176,17.88062335,14.91383059,4.705159239,20.31788063,7.707678318,14.79879427,728.29,0.9714283
hevc_55_4_1,20.36301747,3.334963251,26.34433153,10.73114667,21.20653399,17.88199676,2.938908313,23.33993721,9.300361633,18.60886765,710.99,0.9629502
hevc_55_6_2,25.93553034,2.093217819,31.3296972,20.20193995,25.97286582,22.57422358,2.009291028,27.79004097,17.38364029,22.44460583,732.68,0.9619733
hevc_55_9_2,18.11509743,5.004136285,25.08178882,9.404381044,19.14796575,13.88006156,4.174147768,19.9955368,7.810612202,14.40264797,598.32,0.9813335
hevc_55_14_1,22.44203691,4.208691669,29.10215603,12.4417797,23.65510054,19.35451029,3.804561356,25.67855072,10.40895939,20.47107124,1038.75,0.9691668
hevc_55_19_1,24.19299946,2.082308958,28.06270771,19.56449826,24.43558963,20.47398796,1.894747078,24.28430939,16.45896149,20.59603119,781.64,0.9685442
hevc_55_22_3,26.82946948,1.457884221,28.59166659,21.10083359,27.40748765,20.59347251,1.375835552,25.02096939,17.57463837,20.42958736,495.24,0.9675356
hevc_55_26_1,26.4230133,4.395583315,31.85445493,12.92268917,27.6940563,22.65318264,3.836021724,27.44763756,10.79688168,23.75448227,820.48,0.9675789
hevc_55_28_2,22.93757455,0.795839319,26.8436545,22.19877162,22.59289566,20.25625413,0.385925677,21.67558098,18.94863319,20.40505219,397.72,0.9711376
hevc_56_13_2,20.38309521,3.193017997,24.05293413,11.86643014,21.62941954,17.37817005,3.052677114,20.73042488,9.167154312,18.66348839,561.71,0.9650404
hevc_56_16_2,14.71121916,1.42354479,20.21509322,12.05647214,14.51588255,11.3964202,1.357004993,17.18082428,9.072050095,11.18771219,560.18,0.9648947
hevc_56_19_3,19.05920433,0.937479444,20.83823689,16.2743198,19.06158431,17.32736647,0.780246474,18.57206535,15.72693634,17.5067215,454.22,0.9912829
hevc_56_23_2,18.50775585,5.241036787,23.70592642,8.940306323,21.03332564,16.78622656,5.482873002,22.10026741,6.891571999,19.2644062,464.55,0.9626859
hevc_56_27_2,10.44487933,2.472507534,13.20896228,5.846426122,11.50011544,8.292761037,2.495307335,10.73950005,3.609161615,9.552792549,372.96,0.9712187
hevc_56_31_2,17.65072803,3.136088301,21.30629177,10.83711149,18.99371796,15.1344098,3.166266332,18.53655052,8.16830349,16.61473846,551.43,0.9741365
hevc_56_39_2,20.07158472,2.32094891,22.79179149,14.25097867,21.11274391,16.76255236,2.228557498,19.26242065,11.37781715,17.79338455,379.59,0.9727864
hevc_56_41_2,6.431080439,0.545737044,8.150416133,5.611279008,6.303263942,4.329215745,0.646161871,6.084218025,3.327118397,4.306749821,419.12,0.9771284
hevc_56_44_2,15.13720812,1.581337837,17.77846083,12.09234816,15.24380611,12.00439914,1.490961032,14.36855125,9.088699341,12.09606647,777.96,0.9560138
hevc_56_46_2,11.43742902,0.581742656,12.32783413,9.585682412,11.57001689,8.780044536,0.532885762,9.651298523,6.992785931,8.891425133,267.57,0.9772767
hevc_56_56_2,21.84897799,1.085508105,24.07655839,19.39545606,21.76644946,17.57147614,0.939698907,19.47334099,15.4589901,17.5095787,411.02,0.9701402
hevc_56_58_2,19.23628272,1.546026368,21.90239426,13.73721663,19.13302663,15.24873306,1.272346599,17.39240265,10.52390003,15.15626144,615.44,0.9611624
hevc_56_61_2,17.86167886,1.661412225,22.07286835,14.47990288,17.82155531,13.56153752,1.285871488,16.83332825,10.9883976,13.42081165,635.68,0.95339
hevc_56_67_2,5.260800908,0.308277857,6.049757633,4.740797666,5.259219113,3.988894458,0.270335648,4.705345631,3.548160076,3.986658096,508.82,0.9721205
hevc_56_70_2,7.376659787,0.780178516,9.151508445,5.858310776,7.142889219,6.08261008,0.785718534,7.788198471,4.284543037,5.871454239,326.06,0.9665752
hevc_56_73_3,8.838142678,1.225643899,11.00916602,6.583030629,8.780375481,6.912122243,1.011730853,8.756567955,4.996081352,6.808643341,485.78,0.9650341
hevc_56_80_2,24.24387524,4.724992944,29.77821154,9.779101639,25.07122301,17.85135503,3.066402797,21.46843719,7.973009109,18.43001747,583.43,0.9756114
hevc_56_86_3,15.47054703,1.153265265,17.851436,12.87607903,15.4468153,12.16228539,0.904219779,14.0059948,10.10817242,12.17657757,483.69,0.9630638
hevc_56_90_6,8.0101585,0.819558695,14.17811523,6.63450344,7.914544378,4.816408876,0.754280352,11.65920258,3.796603203,4.712046623,449.12,0.9777939
hevc_57_6_4,23.323837,1.142898896,27.37114141,21.29278279,23.27627795,20.59874207,1.012932848,24.12663651,18.80558777,20.49941635,411.59,0.967212
hevc_57_11_4,32.23011498,3.719436665,43.69308379,26.49644936,31.59871943,24.68303223,2.968380117,33.89593887,20.32775497,24.18722057,1283.36,0.9606969
hevc_57_16_4,21.68024672,2.254069306,28.17997232,17.25751807,21.62776055,19.3226182,1.876989007,24.79138184,15.51325417,19.21427631,437.8,0.9716516
hevc_57_21_4,25.55939948,2.928877394,35.60085359,20.7109876,25.32306276,22.74110473,2.616262231,31.80320168,18.74887848,22.56804085,550.19,0.9560655
hevc_57_26_4,29.1161514,1.679842472,33.65108661,25.7305159,28.64110662,26.19211145,1.530597381,30.25659561,23.01182938,25.80454063,549.52,0.9670199
hevc_57_31_5,26.83715935,1.864818306,32.92242376,23.77399333,26.29498215,22.99240064,1.596173727,28.35923767,20.28936958,22.49403,915.08,0.9454384
hevc_57_36_5,23.82660695,2.849708891,33.00886185,19.60475154,23.22532871,19.76385493,2.447106024,27.71374321,16.20698166,19.1116066,1490.11,0.9570008
hevc_57_42_4,24.23808967,2.202478944,30.6461074,21.35486105,23.88916336,20.94416366,1.855653672,26.23537636,18.50545883,20.50933266,669.04,0.9592908
hevc_57_47_9,36.62842264,2.475322647,46.74949866,31.80541578,36.29334777,28.67540513,2.01110876,36.6220932,24.64592171,28.25656986,1191.46,0.9747778
hevc_57_57_4,27.70110675,1.504693397,32.93330811,24.85021781,27.19392154,24.46912851,1.30884519,28.81842995,21.98451805,23.95705986,571.87,0.9398062
hevc_57_62_5,34.38822551,3.341930331,44.69637013,28.92820956,33.48000723,28.79259067,2.930932626,38.12890244,23.66772079,27.96010971,1193.79,0.9592856
hevc_57_67_5,30.93133283,3.401678778,38.5425299,19.63013328,31.72843718,24.50094157,2.731403146,30.86289978,15.45727634,24.93980026,1155.08,0.9538076
hevc_57_73_4,26.84292899,3.870137722,36.44002591,19.13142078,26.98843927,22.45109546,3.251732986,30.72738075,15.93430328,22.47924232,918.02,0.9522319
hevc_57_78_4,22.09165254,2.082464811,29.37290239,18.73642819,21.82656049,18.95262628,1.722974036,25.01228714,15.99830627,18.6868763,932.56,0.9283378
hevc_57_83_4,27.1954804,2.356350658,34.31125304,23.50701929,27.28863754,22.07643079,1.979693771,28.26051521,19.00075531,22.0541153,902.31,0.9629469
hevc_57_88_4,30.61736439,2.556622016,39.10794232,26.24032792,29.85085109,23.80880336,1.985883162,30.51007271,20.65465164,23.27216625,1067.8,0.9681475
hevc_57_93_5,23.21977968,1.191689505,27.41890119,21.06820574,22.92880612,20.62181412,1.099131659,24.36198997,18.62643623,20.34312916,464.72,0.9647419
hevc_58_3_2,24.02827575,2.142969245,27.78713182,18.56877837,24.04952685,21.78899815,1.879275411,25.00871086,16.92220688,21.78897381,711.96,0.965822
hevc_58_8_2,19.13577111,0.423884939,19.85958937,18.11597718,19.12825747,16.34220171,0.419734614,17.02003098,15.35783291,16.34535503,129.08,0.9891574
hevc_58_12_2,19.46833579,7.912470438,27.5737968,0.134548496,21.99750293,15.9488865,6.638007462,23.43364334,0.133773252,17.86546993,551.14,0.9661091
hevc_58_23_2,15.19080653,2.827550022,18.73618225,7.99988532,15.99158871,12.34937057,2.37068127,15.20084381,6.702390671,13.10203695,878.47,0.9708179
hevc_58_28_2,15.86758414,1.789421961,22.0637262,13.74708221,15.55882544,14.37324545,1.238237387,16.77334404,12.40520668,14.33818913,372.34,0.9802103
hevc_58_32_2,15.08702227,5.67971469,43.03560282,11.3366953,13.94930041,11.8060062,4.460435946,33.6867981,8.246240616,10.83374786,497.73,0.9785126
hevc_58_43_2,29.90773112,1.285028536,34.14360327,27.87977292,29.55822661,26.63813408,1.214495637,30.74381065,24.7381115,26.30541801,477.11,0.9827809
hevc_58_51_2,20.480149,1.638011908,24.18425214,17.40711872,20.5365074,18.00104979,1.656584288,21.83211327,15.00226021,18.03286362,646.99,0.9804157
hevc_58_75_5,15.63842673,1.66392458,19.76406089,11.85070242,15.55751736,12.89092989,1.988102186,17.66892052,8.18134594,12.6710062,915.98,0.9646176
hevc_58_100_3,34.41815495,2.96408951,42.49450935,27.15590837,34.55847167,26.96586255,2.364747113,33.82020569,20.61972809,26.87403488,1908.74,0.9258405
hevc_58_134_3,20.28757531,4.327637423,30.77896069,11.33448569,20.15680565,18.07185196,4.286876277,28.97867393,9.314388275,17.882864,1369.03,0.9675598
hevc_58_149_2,32.31227689,4.967647371,44.55613614,24.00009918,32.02222637,27.83723278,4.672012033,39.38580322,20.28048706,27.4197607,1520.38,0.9767374
hevc_58_157_3,30.22500598,4.904324539,43.66349707,21.08136572,29.40961641,26.05702883,4.626830073,39.02758408,17.39426231,25.25108719,1659.34,0.9717482
hevc_58_168_4,40.10486531,2.144947855,47.90382669,36.71665386,39.64232166,33.74926483,1.878111295,40.62398911,30.86194038,33.34020424,1627.16,0.9727306
hevc_58_178_3,17.13971855,3.284616906,31.14926146,12.88029001,16.28708396,13.17989812,3.114038596,26.89583206,9.256147385,12.41266823,1908.51,0.9546105
hevc_58_193_2,13.36860125,1.368642203,16.99424018,10.59494111,13.26008803,9.887529516,1.299417218,13.43989658,7.137604237,9.817902565,1294.08,0.9675967
hevc_58_196_2,30.59429117,2.977543085,43.04650777,26.55263604,29.4486538,24.79212887,2.668188106,36.13688278,21.17022705,23.93568993,2035.66,0.9373004
hevc_58_198_2,17.24201293,6.59734797,45.7828258,11.2011305,15.8448123,14.64463751,5.481971067,38.43420792,9.206540108,13.5871706,1036.46,0.9574359
hevc_58_212_2,20.75368525,3.984913431,30.35009046,16.07515043,19.72854999,19.29720285,3.264873541,27.83639717,15.66907024,18.24598026,444.12,0.9804784
hevc_58_228_2,8.801396115,0.869031737,11.09370977,7.165025686,8.656791527,7.514102163,1.028258682,10.05596066,5.687595844,7.245262623,524.02,0.9847791
hevc_59_5_2,3.498238719,1.286025231,5.562014612,0,3.725642576,2.758666502,1.093000395,4.420388222,0,3.019538164,197.26,0.9766034
hevc_59_7_2,3.669108325,0.693231407,6.082426378,0.234496109,3.789941861,2.949029607,0.661746501,5.555583,0.103708968,3.103304982,122,0.9869725
hevc_59_19_2,7.78383423,8.529674557,20.6457637,1.505713944,2.291613147,7.230057918,8.338340119,19.86722755,1.162558198,1.878241777,147.54,0.986258
hevc_59_49_2,2.512264556,0.424408941,3.37988775,0.049534873,2.528826992,1.966511066,0.373752985,2.88224268,0,1.975127518,117.33,0.9795527
hevc_59_54_3,4.785073249,0.286807055,5.317248746,4.225850777,4.765615263,4.396925612,0.302409119,4.968645573,3.751196146,4.382591009,115.95,0.9861209
hevc_59_61_2,4.634079685,0.19142182,5.018460717,4.228106938,4.612403832,3.755076135,0.146746821,4.053391457,3.377815247,3.756900191,72.56,0.9774175
hevc_59_99_3,3.419219821,0.177857888,3.860509791,3.038896649,3.401891317,2.633536418,0.163874008,3.043835163,2.239733934,2.625368237,43.73,0.9661764
hevc_59_106_3,5.398794088,0.58269984,6.817975845,4.297774675,5.332025705,4.506303327,0.548861362,5.769212723,3.284619331,4.488551617,241.13,0.9691523
hevc_59_126_2,3.678250686,0.655228434,4.691186295,1.46765721,3.669291679,2.799573095,0.507496299,3.566427231,0.98335892,2.822410107,107.39,0.96082
hevc_59_181_2,9.513743063,1.6948938,12.11933499,3.586906352,9.564916827,7.524807771,1.541816955,9.616485596,1.488553047,7.623853445,738.12,0.945316
hevc_59_191_4,4.410178566,0.86919217,6.797181712,3.296009981,4.133860464,3.678613347,1.00897354,6.288014412,2.541989565,3.482014418,212.28,0.9781821
hevc_59_203_3,4.737308404,0.556241112,6.427466416,3.756386342,4.555869523,3.605664085,0.514632616,5.147660732,2.697992802,3.419418335,175.95,0.9237723
hevc_59_216_3,8.008871254,1.068694217,9.257309371,2.525818637,7.989370554,7.05811282,0.957440934,8.213251114,2.170788765,7.074686289,187.44,0.9606404
hevc_59_230_6,7.357934025,1.010627508,9.405802669,4.961052841,7.547668794,6.261412574,0.949546673,8.081206322,4.036406517,6.474332809,287.66,0.9755209
hevc_60_8_4,13.4085628,1.758736273,18.78578291,10.27248763,13.16919759,10.34698826,1.465980778,15.00182724,7.688866138,10.24741936,988.74,0.9642509
hevc_60_13_2,30.88497613,4.974256227,45.74064699,24.60874255,28.99219849,27.1051302,4.466286757,40.3473587,21.36488914,25.55896473,933.5,0.9789645
hevc_60_20_2,18.93536622,5.787802167,27.02818805,5.110984619,21.65591104,17.49105736,5.37907036,24.80815506,4.65665102,20.04061985,916.53,0.9717766
hevc_60_29_3,7.858903264,3.734945067,39.07823277,5.109768447,7.720331069,6.961304188,3.332141249,34.46423721,4.086824894,6.885280609,213.78,0.9856436
hevc_60_39_2,29.77835768,3.239636125,33.64425165,10.45587332,29.96952741,25.99165785,2.706405271,29.19801903,9.579897881,26.18250942,631.39,0.9717071
hevc_60_49_3,24.50669584,6.768518542,40.64783313,12.21325466,21.09916814,22.90885818,6.696817364,38.89522171,7.235743999,19.65551949,945.28,0.9697432
hevc_60_53_2,7.396831703,0.427769456,8.615994825,6.732522165,7.33833465,6.558667202,0.401402438,7.735361576,5.947004318,6.50432682,84.15,0.9666101
hevc_60_61_3,6.871549317,1.219382665,8.748596079,4.231074662,7.284230682,5.53304136,1.216954403,7.440555573,2.878474236,5.870621204,251.25,0.9865354
hevc_60_65_2,6.182675101,0.68602518,7.642414157,4.300447068,6.153200875,4.359490504,0.669940064,5.711289883,2.457795858,4.380509138,192.82,0.9780868
hevc_60_74_2,10.3697613,3.081639593,14.74050753,5.372599043,11.107577,7.486056585,2.922128294,11.4332943,2.785133362,8.20646286,579.8,0.9793959
hevc_60_82_2,4.545642143,0.543279917,5.515690703,3.623798434,4.632494255,3.284750128,0.524235753,4.190034389,2.398955345,3.370442033,190.97,0.9847331
hevc_60_98_4,9.641269405,0.551423847,11.1653964,8.521185559,9.652737723,8.999331455,0.534719071,10.31453705,7.928046703,8.984414101,183.59,0.9861119
hevc_60_102_4,4.76893924,1.676920941,10.81500427,2.237949953,4.916240943,4.263720928,1.653657622,10.09720993,1.658866405,4.424353838,159,0.986117
hevc_60_106_3,7.8667081,3.181167418,18.02415795,3.149149244,6.861574694,7.226025763,3.220790643,17.43871689,2.391753197,6.22633934,377.11,0.9777593
hevc_60_112_3,7.688748785,0.938069261,10.27515544,5.911799009,7.553885858,6.785043373,0.897972835,9.292230606,5.022953033,6.711771965,339.57,0.9827478
hevc_60_119_2,9.383594777,1.00622958,11.50701955,7.278849325,9.158268999,7.582183838,0.896752316,9.673760414,5.797698498,7.421789408,813.42,0.9577964
hevc_60_122_4,8.779078314,0.949482196,11.53268167,6.78975724,8.804323668,6.99243237,0.847647757,9.513439178,5.269387722,6.976371527,797.82,0.957371
hevc_60_133_2,12.02693643,1.240478762,14.75234191,9.774879989,12.04548176,11.05211399,1.178669997,13.67040157,8.896148682,11.12720966,636.35,0.9607555
hevc_60_137_4,13.64881139,4.020945457,23.5061923,6.09532951,14.31090449,12.99344801,3.889094589,22.28822517,5.555946827,13.71916533,207.35,0.9847921
hevc_60_142_3,15.45135654,0.314862752,16.01428539,14.75537891,15.37788972,12.27531205,0.281169286,12.75222969,11.60438824,12.21428585,214.43,0.9847584
hevc_60_151_3,16.65821321,1.320529398,24.88539895,13.02776482,16.47936461,15.19615466,1.375729607,24.15631485,11.70431709,15.03451061,267.21,0.9825282
hevc_60_171_2,11.45838554,1.244316379,14.66126261,8.363365176,11.39815402,10.30690713,1.241736833,13.84460068,7.259674072,10.23440981,712.24,0.9497247
hevc_60_176_2,19.32046374,1.416437117,22.55136755,14.5826978,19.29118715,18.27798067,1.388339587,21.1414814,12.98353958,18.32712555,744.23,0.922915
hevc_60_185_2,43.26021129,18.71880184,61.50741309,13.27788848,51.34440129,37.47345621,15.60527772,52.50387573,12.10497379,44.80213356,656.51,0.9686955
hevc_60_195_2,11.29081371,2.403717155,14.62571154,4.465130387,12.20677155,10.58974236,2.582851288,13.57806301,3.376688957,11.68780327,404.37,0.9591445
hevc_60_198_2,17.14668262,1.367560701,21.74984005,14.61435984,17.04306167,15.16571245,1.285892476,19.62105179,12.86274719,15.10126543,1455,0.9336262
hevc_60_205_2,33.03576303,2.458129925,36.12599344,22.78650863,33.42677379,28.24471169,2.05533824,31.07872391,20.58530235,28.51427078,595.02,0.9800796
hevc_60_217_3,25.08941625,4.152170545,36.38178664,18.52069831,24.44584806,21.47410107,3.632605349,32.55731201,15.57334042,20.69400597,1914.74,0.946015
hevc_60_222_2,26.13109635,0.9254342,29.10226824,24.61126233,26.15676693,21.47220631,0.696017331,23.96185112,20.36112785,21.42880249,649.66,0.9709736
hevc_60_226_2,15.07457231,5.949583205,33.61104206,5.731698474,16.95531649,13.98640961,5.645328958,30.23706627,4.967978477,15.95845032,741.92,0.9425102
hevc_60_236_4,16.56593488,3.386249915,20.83410806,4.151258411,17.8416855,15.25189943,3.343313328,19.35913849,3.048473358,16.65601254,762.59,0.9741394
hevc_61_10_10,8.939276913,3.655253826,16.18232603,2.834525101,8.872505698,7.640366353,3.091384743,13.91550732,2.449723244,7.787190914,428.84,0.970145
hevc_61_23_8,12.93974372,2.747909006,18.35665123,8.758925763,12.97830824,11.96913543,2.514339217,17.03577995,7.966275215,11.89444256,326.81,0.9713718
hevc_61_52_25,15.44502407,2.114481528,20.11095474,13.62907643,14.97311026,13.41931457,2.051156339,17.89769173,11.76195049,12.85062504,122.68,0.9837261
hevc_61_90_40,11.91599143,2.803486809,20.11642141,7.546819651,11.14460342,10.11856083,2.175445649,16.57234764,6.638162613,9.570745468,473.73,0.974438
hevc_61_133_4,14.79404107,0.180975415,15.34141632,14.36655238,14.82177718,13.15152344,0.158732157,13.63140774,12.7497263,13.17353296,102.83,0.9833565
hevc_61_162_17,9.864381403,0.368831004,10.87449592,8.995430104,9.882168643,9.066784511,0.338206258,9.988902092,8.202578545,9.088817596,127.08,0.9808892
hevc_61_196_5,16.67656155,0.766939933,18.44006785,14.93274361,16.87779563,14.95546899,0.682911162,16.54497337,13.41855907,15.11678219,190.62,0.9835791
hevc_61_245_4,10.1229847,0.273450163,10.85490543,9.382026582,10.15267778,8.839474239,0.252725579,9.524001122,8.160500526,8.864164352,97.77,0.9786558
hevc_61_260_6,17.00014956,0.470988601,18.0178668,15.90568401,16.92669287,14.53761796,0.363322106,15.22891521,13.62228203,14.52878428,222.45,0.9801835
hevc_61_267_10,9.431343789,1.603480999,12.50910252,5.706042236,9.853504116,8.510306866,1.617502378,11.41379547,4.977333546,8.757250786,191.29,0.9792222
hevc_61_279_15,6.553958299,0.132784464,6.883150852,6.166494453,6.555072468,6.013777009,0.127019016,6.325942039,5.666540623,6.000802994,66.75,0.9818981
hevc_61_326_4,8.308019167,1.200457902,10.63472742,5.936328331,8.48675715,7.562132697,1.114502447,9.676617622,5.341421127,7.733661413,241.32,0.9738341
hevc_61_343_23,17.39979568,1.54494608,19.85801653,13.65514266,17.93386219,15.44255848,1.342805148,17.54966545,11.96527004,15.85686207,250.96,0.9803581
hevc_61_385_35,18.48287213,3.866495111,27.13449395,12.74214259,17.08776282,15.75376768,3.183041226,22.97268677,10.93813896,14.62306881,535.09,0.9572985
hevc_61_430_28,28.85781676,1.201704487,31.78623037,21.31083892,28.93692552,23.99414598,0.983695596,26.32961845,17.57279396,24.06289482,369.47,0.9735016
hevc_61_489_27,18.17492297,2.177562773,23.19345732,13.2738841,17.95784061,15.34948722,1.894041814,19.83386612,11.0746336,15.14870834,522.63,0.9687201
hevc_61_524_51,17.19185987,2.400221879,25.80864075,12.46762042,16.61972444,15.21512773,2.132097315,22.83766365,11.15571976,14.67113018,430.46,0.9646163
hevc_61_589_48,21.69795804,0.34981617,22.66340135,20.89522902,21.67051078,19.30065155,0.294160365,20.11573029,18.63168335,19.27518177,146.82,0.9875289
hevc_61_724_28,12.91986715,0.653155095,15.55489841,11.07857367,13.08132585,11.33678299,0.586742785,13.50703621,9.639879227,11.48820543,156.69,0.9822804
hevc_61_890_12,14.38651017,1.426302256,17.84397746,10.82882957,14.45881457,12.3595387,1.284339597,15.46950626,9.274477959,12.39580822,324.57,0.9756041
hevc_63_7_20,15.29348838,2.664388954,21.3449553,9.664645894,14.82400356,13.21800757,2.648818945,19.0367527,7.614533424,12.79699564,345.34,0.9785923
hevc_63_60_2,32.21416926,1.662172685,37.31090181,28.83188068,32.05165156,26.06444852,1.393801431,30.61486626,23.45988846,25.89896774,817.28,0.9676259
hevc_63_80_6,11.26768532,1.9192768,15.85860335,7.37013265,11.19530923,9.688089927,2.089518986,14.64168262,5.492875576,9.542027473,387.66,0.9755763
hevc_67_0_3,31.06233837,12.97060335,41.96813628,0.253082848,35.9614034,23.81798857,9.923310608,33.14072418,0.221166313,27.75029945,805.63,0.969379
hevc_67_4_2,24.13994509,1.361686005,28.0489151,22.28567765,23.81264661,19.00490623,1.144017644,22.44689941,17.54817581,18.63267994,602.72,0.9580685
hevc_67_11_3,24.6835019,1.15867382,27.42554952,22.57970839,24.52372496,20.0731559,0.970790964,22.45858574,18.24623871,19.9938221,527.14,0.9657009
hevc_68_3_4,4.426011807,0.802239136,4.997472506,2.311886165,4.745083361,3.969238291,0.714888936,4.480051994,2.084680557,4.252190828,38.41,0.9775937
hevc_68_37_4,1.955034117,0.367844098,2.683148965,1.50919346,1.770586364,1.693471243,0.396967967,2.468239784,1.286603212,1.473039091,65.61,0.9783147
hevc_68_61_11,3.441324643,1.362283566,6.296727181,1.757630945,3.030656777,3.225252077,1.345517425,6.070840359,1.62879622,2.694426179,67.28,0.9778966
hevc_68_80_3,2.993595265,0.143376821,3.64305852,2.780497674,2.974944079,2.763250089,0.15469955,3.459922791,2.529151917,2.739910722,57.54,0.9874368
hevc_68_136_7,2.368183539,0.492808057,3.166644063,1.140982167,2.42391636,2.213346858,0.468071546,2.968011618,1.092176199,2.254771471,40.35,0.9882164
hevc_70_1_4,26.40348699,4.250657498,38.06710031,16.21711667,26.11547569,21.70215261,3.479525596,31.92887497,13.35952473,21.46913528,1848.02,0.9196688
hevc_70_6_3,33.67425258,7.258064997,47.20271899,14.88044652,35.55872125,27.4376235,6.098631914,38.91122818,11.51538086,29.0011816,1193.25,0.9554464
hevc_70_9_3,27.3430557,4.125468465,36.12513516,16.43693188,27.46077516,21.61844487,3.471192941,29.20954895,12.4389782,21.64293003,1420.39,0.9598909
hevc_70_12_3,26.35793946,4.359480744,35.7146658,15.44320067,26.45303782,21.21617713,3.870564097,29.68158913,11.5930481,21.24654484,1174.6,0.9597121
hevc_70_15_4,19.33754055,3.237830164,26.86022941,10.87497404,20.51887697,15.95607131,2.861380628,22.38523293,8.352360725,16.96394825,470.57,0.9661976
hevc_70_30_5,19.08314778,2.752948701,25.40141598,15.24991445,18.25193344,16.03702695,2.297177034,21.4935627,12.91411018,15.37892151,312.62,0.9660839
hevc_70_69_6,20.13839616,3.643993756,30.49337947,8.962752088,20.43140408,17.8454397,3.231172991,26.68881607,7.918059349,18.13725948,730.49,0.960678
hevc_71_2_4,31.10441148,2.686769556,36.55409559,24.39320984,31.11067666,24.71754999,1.857774916,28.90643883,19.83916664,24.72849846,906.04,0.9608212
hevc_71_17_15,33.36733989,2.105149431,38.61219195,29.39649417,32.95393625,30.30189019,2.026919958,35.03383636,26.44454002,29.91186714,178.53,0.9925609
hevc_71_34_8,22.82866105,1.178694544,25.12459067,19.74995442,23.04870619,17.45565135,1.019315169,19.4956131,14.78480911,17.61150742,484.01,0.9756171
hevc_71_43_3,23.82783874,1.046448549,26.54485397,20.84442055,23.8594346,19.5002904,0.880390194,21.83495903,16.92640114,19.53631687,413.35,0.9679443
hevc_71_47_4,20.16961262,1.714339785,24.0812427,16.2154493,20.2094979,15.92942218,1.290648921,18.97372437,13.07410145,15.87149715,738.53,0.9602543
hevc_71_61_10,19.76549842,2.189261474,26.00151175,15.6435115,19.51053511,15.98518435,1.809071727,20.92458916,12.62048721,15.81869698,844.45,0.9578413
hevc_71_90_3,21.03173303,1.930226544,27.36937304,16.84676548,20.93307439,17.23041355,1.586713022,22.45409203,13.68236637,17.13438797,869.3,0.9678039
hevc_71_95_3,26.62134875,2.588190182,35.10590492,21.47343543,26.43620597,20.3613851,2.049785102,27.93520164,15.92774296,20.26011086,1128.15,0.9595155
hevc_71_99_4,20.58957113,2.68625391,29.69672451,16.68098099,20.18069088,16.77990823,2.040500515,23.82162857,13.70668602,16.5627346,908.38,0.9550457
hevc_71_108_4,29.36130025,2.411036137,37.9683867,24.67222505,29.4228839,26.42581755,2.08959743,33.75540161,22.24013138,26.44762611,913.43,0.957733
hevc_71_164_4,22.02844182,2.04662972,29.65212839,18.46522181,21.98063848,18.36132001,1.859393249,25.28474617,15.17831326,18.33522797,865.29,0.965035
hevc_71_185_3,23.46871551,2.399317193,29.78393671,19.37313263,23.0732344,17.07483205,1.676525844,21.58090973,14.27318382,16.7724514,697.4,0.9651756
hevc_71_189_3,18.65294041,0.794257488,21.0953515,17.29130496,18.65154326,13.41346895,0.578034031,15.26891422,12.3726635,13.38394547,678.45,0.9577549
hevc_71_193_2,20.432324,1.362910103,23.2082144,17.30334627,20.58484268,16.47607302,1.176928206,19.26804924,13.87841797,16.51109314,541.36,0.9675275
hevc_71_197_7,20.96922007,1.208781404,23.55578744,14.36234051,21.11043249,16.68219572,0.91221671,18.88799286,11.76003647,16.76833344,451.17,0.9759129
hevc_71_205_4,24.35047089,2.51233474,31.01068227,18.45534012,24.92529313,18.56084128,1.987782334,23.9099369,13.85926151,19.05315113,1076.42,0.9602296
hevc_71_210_3,18.14406358,1.850747648,23.65339754,14.21325819,18.11928656,15.13482945,1.508144274,19.58493042,11.83385086,15.11371517,565.38,0.955442
hevc_71_227_3,26.55439669,3.180910933,33.03059218,20.77661191,26.85570596,20.54739438,2.434406753,25.86084747,16.06154823,20.67578697,866.01,0.9635082
hevc_71_230_5,15.69336057,4.007947988,25.99565793,8.272446585,16.82878963,12.50848326,3.102534114,20.25699615,6.50038147,13.4182682,884.32,0.9521177
hevc_71_236_8,19.82821947,1.867318044,27.24192873,16.0805648,19.54602098,16.72773955,1.505817819,22.65709686,13.60733223,16.5515604,666.34,0.9554131
hevc_73_0_6,7.000548794,1.878115512,9.883469052,0.233531659,7.587787633,5.109435298,1.692379732,7.869097233,0.143499374,5.561557531,550.55,0.9674174
hevc_74_0_4,19.28057857,4.357500535,23.3445749,9.606010034,21.80740524,18.37200972,4.259871704,22.17699623,8.817501068,20.82038593,212.63,0.9803617
hevc_74_13_2,16.97895986,1.388142405,20.3065203,14.11513154,16.65101829,13.88406706,1.251853397,16.96614075,11.30212307,13.57168818,579.47,0.964706
hevc_74_17_3,7.240007158,0.419930108,8.203284039,6.247124888,7.283347877,6.453664468,0.422969289,7.436826229,5.461163998,6.483523607,125.88,0.9835316
hevc_74_29_2,16.84132393,0.244029392,17.55392866,16.47941924,16.7833212,14.97567183,0.215290149,15.6284256,14.64269161,14.93122101,167.35,0.9819284
hevc_74_37_2,19.19319745,2.754762443,22.43365939,9.410512978,19.46433381,15.74375974,2.051640762,18.46629524,8.670385361,15.87173843,597.77,0.9598403
hevc_74_40_3,16.48895099,1.217519715,19.28070631,14.42921111,16.07814968,13.15337438,1.075433796,15.84571838,11.54493713,12.80029774,791.99,0.9653155
hevc_74_46_2,16.89455911,0.521077872,18.4265841,16.04610286,16.76129171,14.837131,0.46977034,16.24288559,14.08525658,14.72528696,203.53,0.9796522
hevc_74_52_2,10.99585602,1.196621991,14.68510931,9.189466201,10.8200262,9.908681313,1.015832273,12.84759617,8.215717316,9.84457159,264.11,0.9811932
hevc_75_0_3,14.16199768,0.097872391,14.30967131,13.96661593,14.18898735,12.48192127,0.081454543,12.59681225,12.30858612,12.51982498,100.23,0.9909782
hevc_75_4_3,11.16613785,0.238574029,11.92370064,10.73463335,11.18390244,9.754589005,0.200855786,10.35087299,9.367652893,9.75389576,112.06,0.986689
hevc_75_8_2,7.914185451,0.262596631,8.476497246,7.406909253,7.91587055,6.712225971,0.26659318,7.236489773,6.217347622,6.704277992,136.72,0.9845394
hevc_75_11_2,11.47063428,0.362208229,12.435832,10.84856877,11.45531646,10.02427336,0.327512494,10.91186333,9.450802803,10.00090456,97.14,0.988302
hevc_75_16_3,8.075247813,0.301892384,8.493917196,7.558057252,7.965024549,6.877545357,0.285981939,7.272503853,6.444087029,6.743287563,94.02,0.9885698
hevc_75_22_2,14.9309181,0.103043618,15.17135151,14.7647409,14.91346802,13.20994707,0.094571129,13.43716145,13.06382179,13.19262743,118.6,0.9876428
hevc_75_30_3,7.461870225,1.232172614,9.303157754,5.65831841,6.857834072,6.645487277,1.18234408,8.397648811,4.986281395,6.059721947,124.16,0.9864439
hevc_75_42_2,5.349920639,0.219450791,5.998448807,5.138469766,5.292152751,4.537639647,0.182865454,5.031378269,4.301484585,4.511050224,68.95,0.9883127
hevc_75_45_3,8.777678436,0.150304619,9.115985337,8.533770179,8.766207698,7.627665373,0.104914852,7.874119282,7.431051731,7.616825104,86.67,0.9845223
hevc_75_55_2,6.130869688,0.452693127,6.927335975,5.078919146,6.127950243,5.456662788,0.441529136,6.219718456,4.323691368,5.497115374,106.43,0.9912447
hevc_75_58_5,13.84810874,0.161074592,14.13914551,13.47901699,13.85895773,12.25583185,0.136295659,12.55223465,11.94139481,12.2594595,116.24,0.9903937
hevc_75_68_2,8.479335387,0.558357378,9.458937392,7.093937674,8.619240054,7.34748208,0.556034791,8.281980515,5.974180698,7.524382114,159.55,0.9762485
hevc_76_1_2,8.197855904,1.067183494,10.92196232,6.573187853,8.226250914,5.137722063,1.048844191,8.301473618,3.858379841,4.896360159,1221.04,0.9429084
hevc_76_5_2,22.69878248,1.104486575,24.86669292,19.89615527,22.74486507,20.48071338,0.970999349,22.1993351,18.04117203,20.54519272,761.49,0.9250157
hevc_79_0_4,21.68546544,10.61087931,30.55158811,0,26.67928608,20.54976102,10.05528376,29.00400734,0,25.31737137,330.87,0.9802344
hevc_79_6_2,8.483384058,0.36815012,9.702305659,7.979556427,8.426263378,7.306205322,0.322690321,8.404149055,6.885482788,7.236437798,102.38,0.98388
hevc_79_20_3,25.29533252,3.666275969,29.41749129,6.94809004,25.94780099,22.24272849,3.123899178,25.66884232,6.460646152,22.71757507,663.66,0.9625414
hevc_79_38_3,21.72476722,0.820267104,24.11995348,20.38069158,21.51616327,18.63690594,0.660587503,20.5466423,17.58628082,18.4930706,435.25,0.9730569
hevc_79_46_5,14.04153413,1.328007773,15.66877218,5.624026066,14.24044612,12.27094107,1.18082237,13.55357265,4.872277737,12.43038893,370.97,0.9773954
hevc_79_55_2,14.47363074,0.349300969,15.45875328,13.768827,14.47474305,13.8538657,0.325581715,14.77948952,13.18460083,13.83892632,134.43,0.9857811
hevc_79_64_3,18.14738558,3.502045108,22.9849592,11.64092976,18.67507246,16.37008831,2.80946636,20.10006142,10.86616039,17.04139328,269.05,0.9801454
hevc_79_73_3,22.10819031,0.954113571,24.19663809,20.52944246,21.91914839,21.12175788,0.917526132,23.17024994,19.61831856,20.98236275,482.38,0.9702628
hevc_79_90_2,7.554805456,0.167255394,7.854275757,7.273957755,7.560650541,7.191575746,0.199799609,7.609600544,6.850911617,7.233958483,38.01,0.9908274
hevc_79_141_3,14.24640685,0.361075473,15.27474868,13.62733034,14.21400183,12.43455687,0.296464445,13.25349998,11.90551662,12.35844755,238.81,0.9830081
hevc_79_192_3,25.31048748,0.411329841,26.69476605,24.70568209,25.23014308,21.78581243,0.391273373,22.97428131,21.22906685,21.71155548,285.46,0.9804373
hevc_79_205_3,9.995838621,0.545460097,11.39807404,8.667929582,10.00163866,9.109309707,0.540318955,10.35906982,7.735513687,9.18017292,203.29,0.9766002
hevc_79_258_3,9.178733071,0.637833008,10.65146599,7.862472015,9.154162602,8.046230031,0.658665247,9.34498024,6.492786407,8.111968517,211.59,0.9826158
hevc_79_273_3,16.66901411,0.511345347,18.13843791,15.47972602,16.53043033,15.17705853,0.490483347,16.50214767,13.87777138,15.07256413,192.76,0.9871783
hevc_79_327_2,6.371767864,0.243913773,6.884076317,5.963309,6.372424933,6.047957806,0.230101932,6.512286663,5.654173374,6.049151897,44.88,0.9864342
hevc_79_384_4,16.77522302,0.600449354,18.15271067,15.6545034,16.64551993,15.37238283,0.586848976,16.72886467,14.1754055,15.20713568,225.9,0.9850064
hevc_79_397_2,20.19145049,0.612789183,21.35564488,18.94667682,20.1293046,17.88617869,0.513089439,18.79256248,16.88366508,17.79285622,520.4,0.9714508
hevc_79_404_3,5.021377665,0.107436438,5.311400715,4.83185421,4.995966047,4.738366214,0.111599358,5.014932632,4.552902222,4.711727142,35.67,0.989365
hevc_79_418_2,9.532531485,1.056359825,11.35218754,7.040653163,9.711288968,8.464898199,0.999461118,10.25062084,6.008973598,8.650228977,289.05,0.9574086
hevc_80_4_4,9.7910774,3.542718776,15.44626532,5.179130881,7.946044754,7.995558479,2.990072025,12.67688847,3.903239489,6.485128403,259.22,0.975156
hevc_80_9_14,41.11493765,4.606612166,60.51122943,31.83545053,40.71085887,32.7121269,3.555787218,47.5478363,25.46075439,32.36360168,1705.98,0.8421478
hevc_80_24_8,4.71018957,0.091169385,4.927361812,4.510498305,4.706121889,3.710044733,0.114644413,3.903882504,3.498413086,3.679985046,16.11,0.992126
hevc_80_33_5,11.87288429,0.641360818,14.33823743,10.66206984,11.84681006,11.34565125,0.636537048,13.79199028,10.13140106,11.35526276,101.82,0.9834729
hevc_80_41_6,4.933443188,0.097297535,5.205166803,4.73860468,4.918560057,4.474669809,0.11176844,4.776000977,4.273880005,4.465818167,20.89,0.9895578
hevc_80_48_3,14.87274472,1.315922369,15.96758276,4.910037966,14.62732593,13.46585471,1.185956506,14.41678715,4.432188034,13.26029491,136.44,0.9793635
hevc_80_53_2,4.66303754,0.292590971,5.493414317,4.231434832,4.640153452,3.182344375,0.24786728,3.822645187,2.798728943,3.154889107,549.02,0.9533795
hevc_80_56_6,33.71561511,6.303739406,47.76091733,22.26467035,33.34415305,28.74625488,4.899264449,40.15422058,19.65141869,28.26544666,1567.82,0.9325445
hevc_80_63_4,22.27328059,3.037807181,28.78128923,16.8726163,22.47241771,15.22900066,1.772729062,19.15754128,12.00240707,15.36205196,335.66,0.9765825
hevc_80_101_4,6.319376629,3.536898696,20.66475808,2.211441683,5.655819452,5.160330262,3.186571281,17.77304459,1.564534783,4.606289625,671.02,0.9680032
hevc_80_106_4,30.40913174,12.82957496,55.27556588,10.44436438,33.64441313,23.42762872,8.791884034,38.41280365,8.781662941,25.86357212,1839.3,0.8832758
hevc_80_116_3,31.47945769,2.294717491,36.34049689,27.26010197,31.72482046,26.01343318,2.091021412,30.19542122,22.25955391,26.05416679,1338.04,0.948303
hevc_80_127_4,40.14057277,6.84290641,52.73246756,28.57121828,42.03079281,35.29403528,6.160475288,46.66704941,25.20285225,36.54833794,1363.04,0.9477003
hevc_80_135_4,9.751788546,2.539012229,13.47212676,4.955219392,10.36269806,7.850573051,2.541489519,12.33967781,3.317903042,7.920063019,1122.27,0.9430468
hevc_80_145_4,14.18151411,1.254670128,19.5776371,12.27208789,13.93788619,11.31147567,1.278243541,16.84162903,9.59324646,11.03496838,332.06,0.9677381
hevc_80_150_3,13.05666632,0.722262967,15.0896501,11.04499389,12.97170935,12.46685579,0.71043899,14.51011086,10.52645111,12.37573147,172.82,0.9811737
hevc_80_178_3,17.97466116,2.649670921,23.97126448,14.62401141,16.88625836,15.96468348,2.658111163,22.17021942,12.59846878,14.94608021,792.87,0.966628
hevc_80_182_3,24.01555418,4.626659733,31.29797197,18.47467617,21.64738444,21.35138133,4.677166065,28.48859978,16.00950623,18.7203598,938.65,0.9687097
hevc_80_186_3,16.50799737,3.141493102,19.49361687,8.399806847,18.50477992,14.0375525,3.137377806,16.9325161,6.055272579,16.01018333,756.23,0.9627291
hevc_80_190_3,15.80130973,2.672391975,18.11934937,6.769128892,16.8570434,13.32335135,3.128331222,15.77868938,3.449034214,14.6929903,729.05,0.9569765
hevc_82_62_2,32.19782471,1.87037249,36.68052199,29.33126523,32.22469361,28.31604862,1.528522041,31.94761086,25.95439339,28.24764156,1085.89,0.9281902
hevc_82_65_3,20.82692754,2.974746216,26.91021494,13.53577346,20.52359066,18.31246141,2.334421143,22.60899162,11.86841202,18.33932304,531.29,0.9530693
hevc_82_96_3,20.06246581,1.560561539,22.57411837,14.10976648,20.38857495,18.0162836,1.458485854,20.47563934,12.44734859,18.3262043,650.44,0.9512291
hevc_82_100_14,26.39055309,5.742413289,36.15442006,13.18630759,23.93858187,23.79034969,5.406821511,32.83551407,11.13504219,21.50599289,507.36,0.9576289
hevc_83_7_4,24.61301116,2.967583215,29.9770532,20.2028025,24.43696191,22.66128437,2.477274011,27.2761898,18.88754654,22.43509483,302.53,0.9805771
hevc_83_12_6,17.27189025,1.812151136,21.38315574,12.8263014,17.54555664,16.33551206,1.834153329,20.36790085,11.85541821,16.66246319,244.34,0.9748964
hevc_83_19_3,21.07876108,1.426635267,23.31526196,17.57766319,21.30338377,18.7772281,1.246077543,20.67109299,15.67038918,18.96039963,444.85,0.9752083
hevc_83_23_6,12.18434093,0.855846939,14.26316252,9.785715662,12.24623143,10.98917792,0.901370628,13.11881924,8.753708839,11.05123806,293.64,0.9632754
hevc_83_30_5,13.37194914,2.229467517,19.04266226,8.058464046,13.97235703,13.08835713,2.112477219,18.54598618,7.89759016,13.66640282,213.07,0.9771516
hevc_83_36_8,13.14054014,0.847709448,16.32082111,11.86925617,12.92871444,12.19234815,0.823829873,15.30867386,10.92945576,11.99240017,178.01,0.9811014
hevc_83_45_4,6.888727873,1.14475528,8.463184287,5.113477267,6.811091144,6.647100002,1.040446083,8.022940636,4.999443531,6.556538582,69.26,0.9917438
hevc_83_50_5,4.403290025,0.565037113,5.991236008,3.857152013,4.244289836,4.017444456,0.499631061,5.476577282,3.505559683,3.820930719,53.08,0.9911201
hevc_83_56_7,7.936544761,4.403167404,21.53649148,2.844614924,5.722140518,7.064971677,3.658004476,18.53411102,2.635792494,5.286138296,150.07,0.9797147
hevc_83_64_5,9.51773249,2.440714486,13.64449938,5.312415807,10.12410139,8.661958041,2.221482024,12.50010681,4.907802105,9.175831795,176.74,0.9780091
hevc_83_70_8,17.19198851,1.135868231,20.19057458,14.37012007,17.20094822,15.65489014,0.983415092,18.32362175,13.31294632,15.6630106,247.42,0.974426
hevc_83_79_7,21.47478344,1.356277322,25.28343842,19.04974999,21.54852709,19.33161139,1.275225825,23.02503586,17.04279137,19.35056686,394.69,0.9710564
hevc_83_93_17,11.55937961,1.287106865,15.14535741,8.210176935,11.11644454,10.60899828,1.01202495,13.51297283,7.397476673,10.36928129,208.9,0.9826273
hevc_83_112_4,11.44247287,1.854440472,13.59087894,6.943990884,11.68782378,11.52977828,1.921598793,13.78545094,6.932175636,11.6677866,49.75,0.9991937
hevc_91_16_7,24.40232054,3.253469767,29.44223004,16.91755882,25.24620182,22.09813309,2.934877174,26.73659706,15.20571804,22.82068253,730.98,0.9733258
hevc_91_24_8,32.11447509,4.177466599,39.26273368,18.54649655,32.76036595,27.08436149,3.293978413,32.71530533,16.21694946,27.77140236,943.56,0.9729299
hevc_91_34_8,28.06111292,2.705628965,32.75269475,20.97793292,28.75117309,23.75514113,2.060261899,27.23129654,18.29169083,24.2620573,993.6,0.9705003
hevc_91_47_5,26.62995083,4.423496955,33.99510068,14.06936193,27.36590012,23.07668623,3.67913469,29.78029251,12.14931965,23.38684273,1081.98,0.9736766
hevc_91_53_8,28.99486395,6.080338072,48.26687943,18.90582305,26.92706054,25.06532895,5.276305371,42.11864853,16.59993553,23.37396049,1084.24,0.9711432
hevc_91_62_6,30.4299786,6.158204166,34.48727934,2.452229622,32.14218594,26.81200019,5.646431516,30.58509827,1.412541509,28.30540848,720.03,0.9753483
hevc_91_69_6,51.79114719,2.034120326,56.58312167,47.9335452,51.39394197,41.90702695,1.744900329,46.13463593,38.49717331,41.63090706,899.69,0.9726895
hevc_91_76_11,31.92157203,6.958226032,42.7275103,2.081176353,31.17033748,26.2935176,5.78042718,35.16769028,1.276276112,25.96535492,790.21,0.9815386
hevc_91_89_19,36.5613071,9.463618352,47.39686583,4.816523864,39.71338507,35.04199619,9.171014987,44.9794426,4.012291431,38.20907593,379.2,0.9871041
hevc_92_16_2,6.058664972,0.549977993,7.337278461,5.08255347,5.991140576,5.319519291,0.554145635,6.599715233,4.340031624,5.245982885,169.02,0.9819876
hevc_92_24_3,9.349733485,0.395462738,10.19346547,8.579640406,9.312503277,8.796431125,0.349495187,9.546339989,8.124331474,8.75955677,166.59,0.981519
hevc_92_30_3,9.336599386,0.367336426,10.10702501,8.584153022,9.323913135,8.768285093,0.325467769,9.456014633,8.094117165,8.757241249,153.95,0.983776
hevc_92_34_2,11.8870497,0.497449001,12.92388524,10.68750964,11.85174017,11.11230444,0.472942243,12.07068062,9.964947701,11.11671638,190.78,0.9747448
hevc_92_50_2,16.11558951,0.329148596,16.88573606,15.54249556,16.02478059,14.21674768,0.303008231,14.93641186,13.69859982,14.12166929,165.04,0.9701666
hevc_92_60_2,16.69798547,2.817887478,19.71890554,13.13169646,18.78520173,15.09800903,2.411516536,17.66576576,12.05217743,16.89970779,300.24,0.9764507
hevc_92_81_4,11.73222907,0.411325684,12.75747581,11.01629472,11.72754032,10.18410484,0.322441954,11.03632355,9.591237068,10.18845654,146.24,0.9758412
hevc_92_87_19,11.91298225,0.860903737,13.91931554,10.03234135,11.883399,10.24692404,0.510430269,11.625844,9.098330498,10.15030527,178.73,0.9732753
hevc_92_108_3,10.92863005,0.510011671,11.87237391,9.642804609,10.86373353,9.437635664,0.535397916,10.44557381,8.022666931,9.413179398,192.03,0.986335
hevc_92_112_7,17.36358359,3.787064812,20.99851621,9.060666655,19.44908342,14.50883011,3.003450006,17.35711479,7.584380627,16.08754349,298.87,0.9797805
hevc_92_128_3,11.55754341,0.27250994,12.43563998,11.22982097,11.51348266,11.00769398,0.264068216,11.84805393,10.68422794,10.98406601,100.81,0.9890205
hevc_92_167_2,15.41323291,0.23404827,15.89336432,15.0721673,15.32466697,14.0424878,0.208609857,14.47053719,13.75130272,13.96811724,150.13,0.9830333
hevc_92_173_3,31.34280411,0.192157017,31.9442263,31.07418413,31.30328951,28.04883925,0.114947458,28.44196701,27.86641693,28.03399181,211.97,0.9800804
hevc_92_212_6,30.09012644,0.638617863,32.08529739,28.3970512,29.98473046,27.14729391,0.60538983,29.00908279,25.51746559,27.05879688,255.26,0.9727148
hevc_93_0_19,45.55893998,7.95847759,69.69321025,0,44.96233192,38.22345621,5.717316455,53.97862625,0,37.91820526,1557.6,0.9042717
hevc_93_28_6,50.01680249,4.528923811,59.83753843,40.70101962,49.79891204,43.76881952,3.765957269,51.87075424,35.52002335,43.7109375,1509.16,0.9544189
hevc_93_52_11,49.96871969,4.326837155,62.02753256,41.03704798,50.20749913,42.24263052,3.842691545,53.36293793,35.02343369,42.30178833,1716.7,0.9294913
hevc_93_116_27,55.95461854,4.953575468,69.09175003,41.14945428,56.34586768,47.37449692,3.792282148,56.58837891,36.37136078,47.53560257,1534.58,0.9479946
hevc_93_161_8,45.93009984,2.144799006,51.84634704,40.220653,45.94289934,38.20626047,1.875540374,42.65260315,33.28976822,38.21410751,913.01,0.9575341
hevc_93_170_11,34.62380525,1.835674125,40.51157091,30.5298446,34.12440807,29.06596052,1.580389074,33.91142273,25.76072693,28.57023621,836.65,0.93322
hevc_93_191_16,45.44162566,2.119886657,50.96717646,40.02111259,45.41077705,38.45081927,1.862097191,43.50030136,33.82963562,38.38246155,1028.11,0.9648249
hevc_93_226_16,52.25102822,4.210656407,67.45486772,44.58090707,51.64021842,42.10286978,3.274434018,53.94529724,36.39182663,41.20169067,1479.34,0.9600681
hevc_93_256_7,49.47463336,4.230052149,58.8250767,40.31182624,48.53472601,41.671857,3.54214202,50.21493912,33.55386353,41.02164078,1764.8,0.9174535
hevc_93_264_8,41.18361905,7.233411323,56.75624191,29.04909175,40.22427665,35.2315207,5.817430937,47.72712326,24.99029732,34.76042938,1520.01,0.9115626
hevc_95_1_5,11.74961352,2.206986629,14.9847477,5.959483038,12.11554479,10.96164652,2.197312244,14.18786526,5.474871635,11.33473253,297.01,0.980048
hevc_95_11_5,25.9653214,2.33686338,30.9154682,20.34186429,26.06391041,21.21627345,1.886308595,25.27874947,16.66784286,21.20897102,449.58,0.9556051
hevc_95_25_4,35.33515448,4.686109507,49.09907325,28.17370241,34.24909674,31.29835761,3.98495865,43.47295761,25.1314373,30.42733002,1045.39,0.9467034
hevc_95_30_18,29.64686634,1.364810537,33.74695443,27.15021015,29.39942938,24.45998078,1.240064579,27.97939873,21.76325989,24.22812939,762.07,0.9680883
hevc_95_49_6,17.99358667,1.664594119,21.62221267,14.72859268,18.02393499,15.24409124,1.59021514,18.88465118,12.26678562,15.25558376,564.5,0.9653081
hevc_95_56_5,28.38764232,1.324755163,31.94714282,25.28421814,28.08398483,25.11001916,1.201768134,28.2686348,22.32738876,24.82155609,340.38,0.972988
hevc_95_62_7,40.02617916,9.894568927,54.30670325,9.101273718,42.85716786,33.97122597,7.966082956,44.86217499,8.1770401,36.08303833,1460.47,0.941625
hevc_95_84_5,10.12568486,1.097094092,12.32271435,6.418290003,10.24592253,8.667763682,1.021188401,10.72767067,5.173524857,8.800363541,316.25,0.9671028
hevc_95_96_5,18.02087362,2.741764866,21.66078638,12.39557025,18.71189352,15.8847254,2.849022428,19.43667221,9.928226471,16.58570004,217.72,0.9794983
hevc_95_155_2,13.39816974,0.735495074,15.07353598,12.08753259,13.41048486,11.73615239,0.777899964,13.52101612,10.47453976,11.74042845,339.56,0.9679395
hevc_95_179_10,25.73063598,1.47123564,30.3233208,22.58448426,25.49976387,20.70775704,1.210988171,24.58709717,18.36586571,20.52105713,587.07,0.9635428
hevc_95_233_3,17.62161131,6.065987209,24.31903632,0,19.63164717,14.95840165,5.320460638,21.18132401,0,16.60035706,625.17,0.9700396
hevc_95_240_4,17.29129657,1.933172029,22.54362633,14.17615099,16.67208609,15.03867619,1.758994401,19.68680382,12.06631565,14.54288244,357.88,0.9786342
hevc_95_266_3,27.81041537,1.196313755,30.75374227,25.07366466,27.51410104,23.28141136,1.085817406,25.91495895,20.90928078,23.01850319,543.8,0.9723797
hevc_95_274_6,27.48010975,0.841508617,30.14429208,25.59535132,27.39293959,23.21243907,0.758713087,25.55310822,21.57398605,23.13828373,432.45,0.9745772
hevc_95_281_4,33.21638291,1.68304322,37.32671552,29.73571126,33.04104218,28.93114744,1.468819915,32.57388687,25.96210098,28.76058483,830.23,0.9633505
hevc_95_292_5,30.14732582,1.614636635,34.54923174,27.29783645,30.01655597,25.30951956,1.363897697,28.97341347,22.94468117,25.1044836,838.4,0.9662623
hevc_95_321_6,26.85047987,1.666843567,30.24892758,21.77759984,26.96950671,22.72126106,1.385994298,26.99200821,19.4317112,22.77350426,792.92,0.963234
hevc_95_331_5,33.98201577,2.135250491,41.70161458,29.94178006,34.11069819,28.67749774,1.725071085,34.97012711,25.5277729,28.6308527,1051.77,0.9611386
hevc_95_359_7,14.4759054,3.126088278,20.85463576,5.779785631,15.35738493,12.58486054,2.856116732,17.92379189,4.697673321,13.46926403,609.45,0.9481917
hevc_95_417_8,25.63586183,8.864592773,41.21964881,6.943901339,24.9888213,22.97136603,7.912135244,36.76253128,6.178200722,22.0403595,1567.12,0.9600639
hevc_97_6_3,6.294679168,2.333795844,8.780587059,3.044293684,7.080179148,5.90526269,2.419793677,8.478480339,2.52651453,6.729751587,54.05,0.9835973
hevc_97_10_7,11.81933904,2.953920353,17.70780809,9.300453946,10.10720769,11.38072554,2.812713818,17.06107712,8.964567184,9.697757721,216.73,0.9420319
hevc_97_18_8,10.38050373,1.411940208,13.60393611,7.972114361,9.914121654,9.688768485,1.492077353,12.9969759,7.049316883,9.316203117,265.1,0.941944
hevc_97_30_4,8.546869515,0.696151075,8.981496652,4.153918767,8.702864151,8.295026066,0.711988211,8.765725136,3.818930387,8.403159618,129.61,0.9718871
hevc_97_42_5,9.567381267,0.24899468,10.21258116,9.034309687,9.497074681,9.304247795,0.236964797,9.883947372,8.724849701,9.272565842,71.84,0.9717989
hevc_97_48_5,16.21291885,0.276646241,16.77315731,15.44079209,16.22860859,14.99124937,0.271109285,15.48042107,14.24927139,15.02228737,119.85,0.9781621
hevc_97_54_5,3.53638216,0.967783463,5.428509525,2.364187121,3.169402864,3.229377235,0.950469961,5.091026783,2.095449686,2.862206459,47.47,0.9903524
hevc_97_63_10,5.819007833,0.765042091,7.023149902,4.115431583,6.024006565,4.84686711,0.751717489,5.970582485,3.139744759,5.090852261,90.02,0.9837804
hevc_97_75_2,4.40485656,0.124694892,4.855399023,4.230125857,4.378570171,4.089676504,0.124870476,4.54051733,3.915821552,4.064140558,27.35,0.9758591
hevc_97_79_2,3.059253066,0.115989351,3.312786306,2.820963861,3.063807379,2.121883123,0.145944422,2.410643339,1.872867227,2.109128356,89.36,0.9784642
hevc_97_82_4,2.812271671,0.137639329,3.194000199,2.517848862,2.821801356,2.170714785,0.15024508,2.588475227,1.853779912,2.188681483,28.46,0.9814693
hevc_97_87_5,3.684850071,0.585832852,4.610997836,2.628758873,3.902319556,3.199902431,0.628084226,4.178201199,2.052839041,3.469345093,35.65,0.9837231
hevc_97_101_6,4.250146261,0.774351832,5.838140233,2.936629308,4.136736741,3.3144616,0.79385076,4.883264065,2.010308027,3.234040141,76.41,0.9846225
hevc_97_111_3,8.128595985,0.561239527,9.072910827,6.736637594,8.293358354,6.311710281,0.410505257,7.104799271,5.289635658,6.374684811,161.1,0.9337096
hevc_97_115_5,13.05294197,0.426511659,14.14655004,12.29262926,12.99717564,12.13892215,0.244973123,12.86827469,11.67528439,12.10184956,222.7,0.9459731
hevc_97_121_4,21.15241523,3.889631206,28.07553593,12.65886897,21.44700723,20.77924944,3.802669443,27.30076408,12.65455914,20.64079952,239.65,0.9609055
hevc_98_29_4,14.17554735,1.086329219,16.82319522,10.99355995,14.3439461,13.76403811,1.034122278,16.3342514,10.78090954,13.88076591,400,0.9643395
hevc_98_61_4,11.39186161,1.138750424,14.44659692,9.177775316,11.11863485,11.19091842,1.219289036,14.70889854,9.46944046,10.70966768,782.14,0.9424808
hevc_98_71_5,14.08309869,2.339689165,18.37183005,10.26840084,13.60477507,13.10942263,1.755851456,16.44140816,9.93530941,13.11591816,303.8,0.9841427
hevc_98_86_3,39.29626362,1.762069182,42.75728505,34.03035503,39.45057696,33.70611059,1.560007693,36.87909317,30.01430511,33.88098526,759.23,0.9772413
