clips,flow_1,flow_2,flow_3,flow_4,flow_5,flow_6,flow_7,flow_8,flow_9,flow_10,mean
hevc_3_6_6,0.010637213,0.010373356,0.01024031,0.010126529,0.009624183,0.00959781,0.009248331,0.009183741,0.008411849,0.007985465,0.009542879
hevc_3_20_8,0.017604974,0.013467372,0.013074854,0.012438712,0.007566509,0.006549023,0.006056383,0.005424331,0.004928151,0.004904386,0.009201469
hevc_3_65_8,20.82809388,20.57068061,16.92789725,16.23574429,15.45310146,12.23494634,12.02406439,10.78850803,9.814410248,9.752970886,14.46304174
hevc_5_17_8,0.255900867,0.200939919,0.175456175,0.175295728,0.154183351,0.085966718,0.069394776,0.063429434,0.040873084,0.035475915,0.125691597
hevc_5_26_8,0.003013968,0.002919886,0.002884235,0.002734087,0.002491896,0.00209596,0.001673754,0.001424704,0.001366272,0.000843465,0.002144823
hevc_5_35_4,19.61752503,19.58336935,18.53936398,17.77368934,16.07712565,10.76921572,9.991001148,9.280796438,8.918703099,7.911822964,13.84626127
hevc_5_40_2,0.596577553,0.448417373,0.435728712,0.434215617,0.431063186,0.429607948,0.376421615,0.171687717,0.163168619,0.149297077,0.363618542
hevc_5_47_3,0.262648322,0.219511454,0.191754179,0.163395409,0.15923913,0.11670574,0.067918725,0.064047575,0.051380314,0.050668254,0.13472691
hevc_5_56_3,0.036057896,0.029424912,0.028749271,0.022670799,0.019753497,0.0174221,0.015547253,0.015103428,0.01428284,0.013016301,0.02120283
hevc_5_62_3,0.028522891,0.025024101,0.019204406,0.018580443,0.016324162,0.015529307,0.01401003,0.013536304,0.012995391,0.012236797,0.017596383
hevc_5_66_6,0.011320667,0.011199989,0.009495449,0.008555019,0.008333099,0.008202526,0.006454391,0.005851057,0.005433011,0.003488748,0.007833396
hevc_5_80_4,22.89846108,18.38102913,16.37338955,10.68335408,8.37258222,5.917440755,5.021736698,2.903204236,2.76817499,2.667201573,9.598657431
hevc_5_85_4,3.654986244,3.193484548,2.962141962,2.337844755,2.132559409,1.961580691,1.226379871,1.212766683,1.126197321,1.098601424,2.090654291
hevc_5_92_3,0.054109701,0.053842125,0.025562334,0.014896316,0.014806273,0.013978052,0.013757474,0.013131793,0.012935904,0.010974136,0.022799411
hevc_5_96_20,0.115362275,0.111124056,0.095226497,0.089334849,0.059875537,0.044041519,0.042853791,0.042025588,0.029857471,0.024900721,0.06546023
hevc_5_117_2,2.113637594,2.032062351,1.651839427,0.891533562,0.868194273,0.343924501,0.31418677,0.160663136,0.123273416,0.074756456,0.857407149
hevc_5_120_6,7.15565361,5.187942583,5.033799152,4.102708334,2.824945583,1.410592556,1.313855212,1.03866771,1.026787262,0.379021762,2.947397376
hevc_5_134_3,0.869716754,0.753592097,0.69096886,0.671204306,0.589116029,0.441482214,0.429719914,0.180395529,0.134519938,0.080496168,0.484121181
hevc_5_139_4,0.003169792,0.003066332,0.00302793,0.002980321,0.002697677,0.0024153,0.002163374,0.001921286,0.00189865,0.001862264,0.002520293
hevc_5_150_5,0.004938568,0.004741287,0.004701858,0.003876032,0.003728851,0.003654575,0.003240183,0.003206766,0.002695362,0.002341324,0.003712481
hevc_5_156_2,91.9436357,86.15106878,78.02474754,68.89869097,56.36582495,42.5906806,39.41372147,29.86588294,26.34545771,20.65341011,54.02531208
hevc_5_163_26,4.142223745,3.89009132,3.826850087,3.133040212,2.885605804,2.812560842,2.398961215,2.300552036,2.02312741,1.616407252,2.902941992
hevc_5_190_2,0.013401896,0.013359019,0.013295485,0.012802178,0.012314143,0.011980687,0.01173424,0.011612644,0.011192837,0.010969247,0.012266238
hevc_5_193_4,0.62047746,0.287725353,0.255429786,0.193935749,0.029513469,0.025425082,0.022221111,0.016678423,0.014198649,0.012249152,0.147785423
hevc_5_203_3,0.011142043,0.010835299,0.010713001,0.010437451,0.010176683,0.009845046,0.008911226,0.00874767,0.008604088,0.008560849,0.009797336
hevc_5_211_7,17.19925449,12.74390321,11.26634575,6.097361177,5.201264766,5.14581098,4.803616974,3.82774983,3.282158317,3.143848156,7.271131365
hevc_5_224_4,29.30526835,25.81344501,20.43748142,18.46356503,12.84281635,12.82740096,12.54068676,12.4038026,12.31289814,11.98122813,16.89285928
hevc_5_232_8,3.018249942,2.358859347,2.298464964,1.974356504,1.910025843,1.903479986,1.598692585,0.963597331,0.523479078,0.418829103,1.696803468
hevc_6_20_6,10.2977502,10.1753488,9.696844712,9.521809564,9.201314149,7.917134042,7.903031041,7.729567502,7.672427159,7.611316685,8.772654386
hevc_6_29_2,0.620818909,0.597860385,0.580811469,0.551208962,0.499845303,0.49225028,0.487522527,0.40551809,0.403344286,0.403223495,0.504240371
hevc_6_43_3,12.86760295,9.995392698,9.674542045,9.465869202,8.366955296,6.428852453,5.438894975,5.022287096,2.840887333,2.540078721,7.264136277
hevc_6_63_3,14.10553593,12.62237541,11.20083199,10.31947856,8.247286175,8.078153886,6.237685127,5.536386456,5.403714864,3.564290691,8.531573908
hevc_6_75_5,0.454213642,0.441392217,0.389756099,0.384159343,0.289147252,0.241724372,0.234311705,0.172997105,0.058006941,0.030031223,0.26957399
hevc_6_102_6,40.97897532,40.47429356,31.5873088,30.06936551,22.77321427,17.03549292,15.62439194,14.29705459,12.99441899,12.60491937,23.84394353
hevc_6_158_3,0.156491598,0.118956774,0.117549923,0.091946646,0.082920653,0.080078356,0.067318116,0.066481908,0.064973486,0.061008606,0.090772606
hevc_6_179_2,0.085373175,0.08523244,0.084500139,0.0839417,0.083687653,0.080850005,0.075799269,0.074604015,0.072445626,0.071680536,0.079811456
hevc_6_182_3,1.430832122,1.187561137,1.077178637,0.930088193,0.730689694,0.686336125,0.446740379,0.307307511,0.238101998,0.124521719,0.715935752
hevc_6_263_8,15.73432639,14.93279472,12.64774665,11.94695056,11.72431037,11.09080734,10.71360494,8.535870613,8.527419921,5.669474053,11.15233056
hevc_6_327_2,64.80744027,51.343071,44.24372868,42.36194988,34.36814882,33.05002758,31.54438042,28.85093346,28.46617903,27.34500774,38.63808669
hevc_6_344_4,12.11913067,11.96806613,11.62988235,10.74095777,10.14130672,7.77266594,6.929947734,5.368754843,3.752935566,3.497193776,8.392084149
hevc_8_0_2,148.4994321,123.0291396,91.43437759,87.90440908,83.37971238,79.24296142,62.41106222,62.12831908,47.16406656,40.02387053,82.52173505
hevc_9_1_12,0.358720517,0.309371318,0.307991407,0.276714369,0.2543491,0.24832223,0.242132062,0.238917605,0.23833291,0.228350773,0.270320229
hevc_12_1_4,3.714803065,3.492521904,2.148035604,2.0680412,1.940317726,1.831300935,1.65655442,1.014698266,1.00530394,0.925267478,1.979684454
hevc_12_6_3,46.94252087,46.50067644,44.81493612,39.62400713,38.88433171,38.39802546,38.36444329,33.29927379,26.66515177,26.55233811,38.00457047
hevc_13_15_3,0.175696235,0.138173687,0.119417835,0.013021904,0.01115197,0.010739928,0.009208726,0.007987655,0.006684302,0.006544206,0.049862645
hevc_13_19_3,0.00561934,0.005443593,0.005400675,0.005231657,0.004953392,0.004413864,0.004093879,0.004005167,0.003968558,0.003792797,0.004692292
hevc_13_30_8,0.012853555,0.01266826,0.011629272,0.010617434,0.010403341,0.010276245,0.00988048,0.008606459,0.008304552,0.008259032,0.010349863
hevc_13_39_3,0.089021571,0.08891395,0.087195537,0.068321648,0.06684356,0.06091975,0.05897423,0.056658032,0.0517192,0.044101389,0.067266887
hevc_13_43_2,0.142178989,0.114670402,0.111769807,0.108382816,0.097108508,0.086541259,0.073893592,0.069937091,0.063492199,0.061591213,0.092956588
hevc_13_53_5,0.002009193,0.001990974,0.001893681,0.001652091,0.00161777,0.001595861,0.001557742,0.001478589,0.001383221,0.001306973,0.00164861
hevc_19_0_14,0.014471475,0.008096362,0.005948749,0.00551993,0.005493138,0.003652583,0.002242481,0.002112784,0.002091813,0.001918332,0.005154765
hevc_19_15_3,0.228211141,0.227932528,0.164077533,0.138637873,0.133270874,0.132551509,0.129884824,0.117055834,0.078460859,0.073532313,0.142361529
hevc_20_9_2,0.244755841,0.231954847,0.231660893,0.209503511,0.203713055,0.202291837,0.194936516,0.187246185,0.171970046,0.154948981,0.203298171
hevc_20_17_2,15.51389822,14.26223448,13.89531601,8.977874357,1.157713715,1.112768394,0.857919231,0.767867449,0.407697391,0.393176436,5.734646567
hevc_20_39_2,0.017228203,0.016942966,0.016428478,0.014949312,0.014565731,0.014560573,0.014344372,0.014284451,0.014263634,0.013166751,0.015073447
hevc_20_74_3,0.222102782,0.220563375,0.201879705,0.154247482,0.141432217,0.14078912,0.119565095,0.114660365,0.081002947,0.080695686,0.147693877
hevc_20_80_3,0.132185886,0.108479943,0.102784765,0.099386453,0.087983135,0.085542105,0.082767516,0.08220055,0.05237602,0.05060231,0.088430868
hevc_20_84_8,0.582955802,0.360231147,0.346717971,0.309059037,0.284889926,0.24534287,0.21113875,0.195988898,0.152769903,0.143076913,0.283217122
hevc_20_93_2,0.140432196,0.138329086,0.117297349,0.107898064,0.095689808,0.095285273,0.076570817,0.057124746,0.055965859,0.041999969,0.092659317
hevc_20_99_7,0.131688325,0.121398234,0.091423465,0.091131515,0.076099867,0.075458085,0.046822293,0.04614225,0.044678743,0.042379046,0.076722182
hevc_20_110_2,17.11812981,17.09046458,16.76104576,15.32181755,11.96840486,11.88914367,11.36692466,9.286306695,7.497231428,4.766802623,12.30662716
hevc_20_117_5,11.75168609,10.66019233,10.44347355,8.356806788,7.618559251,7.413488032,5.76974538,5.471801869,3.694079363,3.57343216,7.475326481
hevc_20_123_3,0.699548583,0.43820016,0.413850885,0.375608348,0.363085355,0.354901373,0.281501317,0.232609219,0.194093616,0.189783605,0.354318246
hevc_20_127_3,3.252923415,3.205163866,3.195211596,3.185829172,2.981684857,2.603403396,2.138773869,2.027299351,1.966603885,1.863593572,2.642048698
hevc_20_142_4,8.115086748,7.327543368,6.98558888,6.790537744,6.306920494,6.046168409,5.88825365,5.536902023,5.290784912,5.191192493,6.347897872
hevc_20_182_2,1.509949058,1.437292172,1.314089963,1.168874457,0.909945167,0.867678879,0.780894596,0.589812173,0.377331606,0.3359073,0.929177537
hevc_20_199_5,0.038631423,0.033303032,0.026616067,0.026114085,0.026098002,0.022537915,0.02145057,0.021188674,0.02095431,0.020067642,0.025696172
hevc_20_210_3,1.521032309,1.108366225,1.054617636,0.958284795,0.891664649,0.843541791,0.662073694,0.644232782,0.636853998,0.58643488,0.890710276
hevc_20_224_2,0.649458811,0.645220096,0.420953851,0.361953946,0.310243061,0.290660078,0.238884123,0.21695594,0.215011606,0.214378666,0.356372018
hevc_20_228_2,24.20820727,22.70346541,21.87712122,21.67643882,18.87507086,17.90564615,15.05791415,13.1351142,10.2051619,9.439714268,17.50838542
hevc_20_232_2,0.824427977,0.775650072,0.723259549,0.720444101,0.699455442,0.627919013,0.596735279,0.594188607,0.560280537,0.537866375,0.666022695
hevc_20_279_2,3.706086581,3.111970471,2.471328842,2.32994443,2.289001656,2.225553203,2.109334652,2.05256292,1.691421578,1.624881609,2.361208594
hevc_23_9_2,0.035199203,0.033133886,0.031851928,0.031554407,0.03132684,0.026167651,0.023492008,0.023470895,0.0223837,0.020774687,0.02793552
hevc_23_27_2,0.248018787,0.232852142,0.232716369,0.229888994,0.213127086,0.201096236,0.179300456,0.177463011,0.171978372,0.161877495,0.204831895
hevc_23_34_2,1.525952138,0.821875787,0.473575902,0.460708927,0.319016991,0.275966527,0.191355369,0.167039569,0.079830878,0.065114432,0.438043652
hevc_23_67_2,2.373270108,2.338361477,2.285392734,2.089633336,1.955469881,1.651039952,1.493005461,1.189738388,1.028615703,0.936825929,1.734135297
hevc_23_110_2,208.7307004,201.464348,192.5358946,170.3464359,166.1982431,157.0199098,153.150362,140.6015941,126.5419173,121.0238495,163.7613255
hevc_23_123_2,451.1508937,450.0137814,393.7285258,345.3684155,303.1943266,301.8961461,298.3453706,296.50953,265.8954067,264.0402973,337.0142694
hevc_23_152_3,344.6813627,270.9687638,173.8257129,168.6954861,159.2144637,155.1277433,134.4501467,76.77688964,60.40475296,47.95131201,159.2096634
hevc_23_156_3,0.020985015,0.020935342,0.020853209,0.020831067,0.02082679,0.020765815,0.02050087,0.019368978,0.019037879,0.01879816,0.020290313
hevc_23_163_2,11.73062612,10.82851888,10.77661898,10.73702356,10.52679525,10.19820726,9.853731684,9.691239163,8.609514329,8.585057652,10.15373329
hevc_23_166_3,0.05084215,0.037765799,0.028899974,0.026876442,0.026685029,0.026608959,0.023809018,0.017449616,0.016980357,0.016049726,0.027196707
hevc_23_173_2,0.118677989,0.114595903,0.096841338,0.095029264,0.085335363,0.083860708,0.082937176,0.070547098,0.069846101,0.059777773,0.087744871
hevc_23_186_4,256.7298716,252.2085585,249.9546626,247.85023,246.7609129,227.5434629,224.7078664,218.0693132,214.2179389,190.1340167,232.8176833
hevc_23_220_2,39.54487839,38.75514747,38.49055505,36.10699068,31.34580662,28.69396746,28.14289668,27.60890499,25.49311377,24.98277921,31.91650403
hevc_23_223_2,258.1903564,226.2713068,221.2214797,213.5765417,208.7697134,194.7466939,164.6124636,142.3246698,132.1973479,105.5182915,186.7428865
hevc_23_226_4,322.9048113,249.6906982,241.2334926,218.2627897,206.685523,205.013849,200.2274034,194.7353611,180.2987588,160.7965802,217.9849268
hevc_25_0_21,0.180695133,0.178747588,0.117639548,0.116084293,0.105963317,0.103837371,0.097526507,0.091437303,0.091205656,0.085190564,0.116832728
hevc_25_22_10,2.976653644,1.636515067,1.514614491,1.444955915,1.304496478,1.270427282,1.195828266,0.803440484,0.693822061,0.541187186,1.338194088
hevc_25_34_14,0.288892181,0.276879767,0.230679811,0.219392738,0.217271599,0.209216563,0.161909642,0.123579838,0.122956953,0.122033884,0.197281298
hevc_25_49_17,0.177236887,0.143157253,0.079693623,0.07683249,0.073504042,0.048844905,0.046566362,0.045527646,0.034739299,0.02840673,0.075450924
hevc_25_67_9,0.007340062,0.007303314,0.006576154,0.005851248,0.005485933,0.005475989,0.005405776,0.002820331,0.002757777,0.002192363,0.005120895
hevc_25_77_2,10.06327641,5.768659926,5.581799924,4.83222105,3.107824707,3.025885112,2.751891575,2.645460604,2.141411821,0.507935206,4.042636634
hevc_25_81_6,0.130211276,0.126027828,0.123822863,0.096447668,0.096291069,0.078517778,0.074316763,0.070224259,0.069356915,0.066969081,0.09321855
hevc_25_89_18,0.105663843,0.098061302,0.082451182,0.079072358,0.075778648,0.063188825,0.059546944,0.040559027,0.03763092,0.033168297,0.067512135
hevc_25_108_2,0.091198867,0.08971334,0.079882084,0.072940427,0.067291964,0.067245416,0.062814002,0.061499834,0.059327128,0.057622099,0.070953516
hevc_25_111_3,0.03510674,0.028434349,0.011708798,0.010685288,0.009526225,0.008722582,0.008177808,0.00779164,0.007487226,0.007235515,0.013487617
hevc_25_115_3,0.266285005,0.194105103,0.190783603,0.137896439,0.09500148,0.090345462,0.087110394,0.08632694,0.079763531,0.065901182,0.129351914
hevc_25_119_56,0.024068826,0.023634784,0.020472862,0.018489879,0.014825506,0.013319802,0.010245782,0.009717172,0.009156053,0.006289391,0.015022006
hevc_25_176_8,0.00324291,0.003036587,0.003011579,0.002854582,0.002738876,0.002608753,0.002247795,0.002211369,0.00212949,0.001100211,0.002518215
hevc_26_8_6,209.4073242,175.6042005,149.6529813,149.4912375,130.3367955,129.090373,44.94849291,40.9587483,40.44440363,31.62416777,110.1558724
hevc_26_34_7,174.5362811,165.9417155,164.0116208,145.3878363,139.284406,126.0013583,115.4705387,109.5343658,85.10748717,66.47062428,129.1746234
hevc_28_0_10,0.021732229,0.02143509,0.021123613,0.019872912,0.019398936,0.018472802,0.017614616,0.017558903,0.016898332,0.016260358,0.019036779
hevc_28_10_5,0.230954858,0.216584022,0.181576335,0.180938912,0.175233306,0.121107778,0.113977972,0.037282728,0.03716938,0.033236568,0.132806186
hevc_28_15_5,3.21360868,2.899255928,2.560137875,2.162796695,2.066733234,2.027217042,1.929095066,1.677283453,1.630862799,1.607427477,2.177441825
hevc_28_25_5,6.247850691,4.864670768,4.178688091,4.008142953,3.665219899,3.098224246,2.838522907,2.620319416,2.548467142,2.407232267,3.647733838
hevc_28_30_6,8.495928611,8.184537371,7.792358279,7.467288182,7.25048151,5.975126095,5.925887242,5.470943065,5.276469343,5.23178594,6.707080564
hevc_28_37_4,1.273878813,0.999813088,0.985913078,0.836877162,0.744316734,0.672875431,0.581795116,0.498343871,0.449019994,0.31703089,0.735986418
hevc_28_41_10,5.00267451,4.644371805,4.324908003,3.385738902,2.165535472,1.337841992,0.787897774,0.651017789,0.55015575,0.320817861,2.317095986
hevc_28_51_8,6.404412424,5.819290804,5.54420612,5.456823909,5.20843248,4.990511307,4.621833614,3.635606338,3.095821951,3.020713278,4.779765222
hevc_28_59_11,2.397680847,2.125952705,1.442364632,1.034122919,0.997982132,0.749671668,0.559513707,0.544359852,0.472385448,0.352430124,1.067646404
hevc_31_3_27,4.32E-03,3.25E-03,1.07E-03,8.09E-04,6.99E-04,2.53E-04,0.000191117,0.000126295,0.000119689,2.86E-07,0.001084564
hevc_32_0_12,0.327110529,0.196636134,0.138350483,0.130195508,0.123663766,0.079341446,0.041056597,0.023564831,0.018581208,1.78E-02,0.109630359
hevc_34_3_9,0.010785883,0.010707063,0.010511262,0.010229247,0.010041762,0.00830141,0.007906761,0.007679481,0.0060446,0.004442765,0.008665024
hevc_34_13_3,0.381324593,0.371451346,0.334301263,0.333453145,0.293802104,0.240658655,0.235614275,0.215342186,0.203414363,0.132908683,0.274227061
hevc_34_50_4,0.33606728,0.298781803,0.285912099,0.281813257,0.177413037,0.130488114,0.118678375,0.088579783,0.077551901,0.038214515,0.183350016
hevc_34_65_9,3.66031135,3.449835488,3.388927163,3.38333049,2.371010098,2.203008189,1.936616615,1.882167153,1.581145776,1.202941543,2.505929387
hevc_34_75_18,5.800740924,5.665224878,4.824619281,4.555784357,4.249894843,4.11047582,4.02619628,3.899860488,3.552616708,2.439867995,4.312528157
hevc_34_107_4,2.19290054,1.789516919,1.688022237,1.017500247,0.914002299,0.908223789,0.855330715,0.827771278,0.441753219,0.389949917,1.102497116
hevc_34_180_13,0.228053177,0.222869159,0.107193662,0.105052584,0.102228476,0.099141668,0.097999167,0.071476419,0.066788969,0.064415007,0.116521829
hevc_34_313_3,2.887889119,2.557398656,2.390143422,1.71355549,1.48204657,0.808692229,0.724149544,0.622439817,0.433203046,0.271187573,1.389070546
hevc_35_0_4,16.99401452,10.67812073,10.63842739,7.879613325,7.074578286,5.438781619,4.925402518,4.801549274,0.585585086,0.42719144,6.944326419
hevc_35_5_5,0.016537783,0.01409644,0.011003554,0.004237493,0.003549804,0.003197882,0.003078176,0.002504641,0.002441961,0.001677134,0.006232487
hevc_35_70_3,0.101206762,0.091942178,0.087732192,0.055487385,0.054211138,0.039151061,0.03909737,0.035840819,0.027244397,0.023546087,0.055545939
hevc_39_20_3,0.129659712,0.100902502,0.091372634,0.078649764,0.065525848,0.055786818,0.054797309,0.048451262,0.047043341,0.033279481,0.070546867
hevc_39_181_7,1.624159337,1.599475054,1.482641406,1.456896923,0.921564275,0.866680156,0.565566305,0.551445291,0.422913121,0.363859926,0.985520179
hevc_41_28_6,0.096912541,0.090473555,0.090315389,0.090225246,0.083491546,0.059099114,0.057419936,0.054902024,0.05334556,0.042595163,0.071878007
hevc_41_36_24,8.623293764,8.109761856,6.555626436,3.795881541,2.244690603,1.96469499,1.917543743,1.469093337,1.40687647,1.328520044,3.741598278
hevc_41_76_4,0.446890018,0.444883992,0.44326257,0.442574792,0.431075143,0.420093236,0.413401054,0.403813597,0.387966185,0.384558574,0.421851916
hevc_41_136_13,0.012998601,0.01058804,0.010403918,0.007841505,0.00743326,0.005712953,0.004311375,0.003603022,0.003582956,0.003544933,0.007002056
hevc_41_150_6,1.390095277,0.836504595,0.79620065,0.765523546,0.744333891,0.639460846,0.562177535,0.543821189,0.484968901,0.426346146,0.718943257
hevc_41_182_17,3.556485695,3.342874981,3.157017904,3.153144603,3.021571979,2.918137529,2.832614038,2.811295354,2.768276991,2.450523297,3.001194237
hevc_42_0_5,0.006283336,0.005841133,0.005325714,0.005206578,0.004967799,0.004777586,0.004520587,0.004127708,0.004045555,0.003943284,0.004903928
hevc_42_14_6,29.19594371,25.36921793,24.10148721,11.29669479,11.14167453,0.123887663,0.020153795,0.000790072,0,0,10.12498497
hevc_42_22_6,36.30349203,35.48853958,27.80863057,16.6911988,16.31133133,15.6580114,15.255954,14.70032067,12.71916728,8.349508858,19.92861545
hevc_42_40_3,0.007137256,0.006978297,0.006221498,0.005582527,0.005575071,0.004789605,0.00469594,0.004630712,0.004567915,0.004263851,0.005444267
hevc_42_45_4,2.412001082,2.33261697,2.224991366,1.743538415,1.59009429,1.45812725,1.422142985,1.370627264,0.993713148,0.961771234,1.650962401
hevc_42_70_3,42.09985301,40.65873122,27.52305981,25.37951672,20.83596472,16.31577929,5.745798,4.90942353,4.30067579,2.829252687,19.05980548
hevc_42_102_3,4.556679841,4.480186877,3.016420088,2.650483744,2.649375981,1.56262496,1.544283341,1.223868559,1.205680134,0.950426604,2.384003013
hevc_42_128_5,4.038425958,0.5632792,0.375654076,0.321858456,0.203296308,0.094852875,0.088939053,0.0443677,0.026155604,0.021161164,0.577799039
hevc_42_155_5,5.861126824,5.63263789,5.362909892,5.050246883,4.534449808,3.73636519,3.067276703,2.353597672,2.044060125,1.388376163,3.903104715
hevc_42_166_3,9.985397639,9.76385634,4.439536169,3.849439823,2.965610787,2.793303861,2.470236683,2.255136688,1.636344943,0.087941941,4.024680487
hevc_43_6_14,7.360019975,7.045322284,5.286685876,3.797916659,3.577924353,3.070989489,2.802146622,2.472433811,1.727219506,1.636385873,3.877704445
hevc_43_21_39,0.26428391,0.257211055,0.240516479,0.235990489,0.210300172,0.155222841,0.147329829,0.144014497,0.125460428,0.114999146,0.189532885
hevc_43_60_7,2.355089088,2.109552455,2.027636656,1.946495177,1.613428352,1.584035988,1.578448788,1.520047319,1.335572428,1.295756072,1.736606232
hevc_43_89_5,16.50397417,16.21312039,14.64026096,10.79616486,7.709937249,6.610197464,6.594637906,5.737744989,4.93272296,4.653864964,9.439262591
hevc_43_99_5,2.551670574,2.301650977,1.81454946,1.118020199,0.967786529,0.77775582,0.650700539,0.482558248,0.452637828,0.419823783,1.153715396
hevc_43_110_4,0.1737674,0.168595358,0.15099154,0.148438984,0.122679258,0.120289213,0.096385421,0.09019542,0.086131445,0.0844268,0.124190084
hevc_43_115_8,10.75570222,9.754700807,9.418698871,8.797704957,8.379034056,6.205107195,6.009235506,5.94927296,5.649570719,4.453353745,7.537238103
hevc_43_152_3,101.9469307,64.80012911,61.36200294,31.89000796,27.77820014,27.74427153,15.80801313,12.68632149,11.94469008,9.803927164,36.57644943
hevc_43_157_4,2.967712458,2.843499486,2.533379474,2.422046725,2.417362486,2.387888972,2.368094738,2.192670085,2.163367051,2.005270231,2.430129171
hevc_43_162_4,0.047096947,0.045375588,0.036708302,0.028385387,0.023004793,0.022977661,0.020805458,0.020424092,0.019724884,0.019376593,0.02838797
hevc_43_170_3,0.033892218,0.031870897,0.031747975,0.031623039,0.029303761,0.025143275,0.023136338,0.021942429,0.021098546,0.019949187,0.026970766
hevc_43_174_4,0.06314993,0.055768952,0.042186911,0.038816232,0.034820471,0.030471273,0.028459229,0.027300566,0.024170734,0.021811278,0.036695558
hevc_43_179_4,0.187718559,0.161822374,0.141341347,0.133608765,0.133488373,0.130995453,0.128981694,0.110269347,0.109045847,0.093565296,0.133083705
hevc_43_184_5,3.813536534,3.651041719,3.359515995,2.544112568,2.529361292,2.229666234,1.708438869,1.673555493,1.164148027,1.063054636,2.373643137
hevc_43_190_4,0.10997491,0.109519498,0.104211511,0.102949335,0.091353431,0.080985945,0.07477146,0.060500529,0.057873663,0.057580507,0.084972079
hevc_43_208_7,1.647358973,1.406479251,0.976050949,0.663278855,0.588681157,0.55922171,0.357700166,0.209482827,0.197827517,0.096059984,0.670214139
hevc_46_6_3,0.009273388,0.00723672,0.007222827,0.005672395,0.005586966,0.00547611,0.004640218,0.004271122,0.004045459,0.003449263,0.005687447
hevc_46_10_29,10.51434758,10.25120973,6.2740688,4.910107555,3.854900349,3.312230718,2.804936805,2.449633564,2.394495927,2.354484474,4.91204155
hevc_46_40_6,0.15057624,0.137328077,0.121526233,0.092025383,0.088003124,0.074661588,0.069775609,0.061696374,0.045628031,0.044564458,0.088578512
hevc_46_47_36,15.24534739,11.72536354,6.767983781,4.802908596,2.924560407,1.839843815,1.631220135,1.551372111,1.464906169,1.403922372,4.935742831
hevc_48_23_17,4.744874906,4.238772055,4.084395871,4.055089407,3.174565211,2.996796868,2.813948187,2.741188973,1.908353603,1.672570664,3.243055575
hevc_48_43_9,20.66863047,18.23887967,14.46160824,14.11029706,14.0736564,13.95075793,11.99619812,11.54929065,9.148232042,8.932008713,13.71295593
hevc_48_52_9,6.333224386,5.686251851,5.376769887,5.198043723,5.145953895,4.851931787,4.366200728,4.198112733,3.376251869,3.291622682,4.782436354
hevc_48_62_4,0.018681803,0.01793004,0.017138194,0.016531292,0.016303316,0.016292776,0.015678711,0.014595415,0.014556034,0.013452278,0.016115986
hevc_48_71_2,0.009267642,0.008893394,0.008891433,0.007505197,0.007260996,0.006998376,0.006848933,0.006130179,0.005622241,0.005473929,0.007289232
hevc_48_74_2,0.679351165,0.632631515,0.553684047,0.309837631,0.19516607,0.115520734,0.1005774,0.092795747,0.078220311,0.075810933,0.283359555
hevc_48_77_3,0.11422051,0.07486133,0.067893741,0.066710683,0.06136219,0.037645012,0.0368284,0.027921303,0.022091823,0.021613685,0.053114868
hevc_48_81_10,0.007443956,0.007085567,0.007073465,0.007068394,0.007001737,0.006694243,0.00667313,0.006538869,0.006311065,0.005364611,0.006725504
hevc_48_92_4,0.005271761,0.005136455,0.004849919,0.004738087,0.004656074,0.004628982,0.004547059,0.004310671,0.004173126,0.004172343,0.004648448
hevc_48_97_3,0.009718906,0.009408838,0.009249548,0.009070954,0.008482121,0.008335028,0.007342315,0.006728839,0.006627615,0.00645789,0.008142205
hevc_48_101_4,238.0619067,225.241933,192.7568264,151.4051669,148.9769665,145.2341197,135.4047088,131.1052753,127.9164736,125.7487011,162.1852078
hevc_48_106_5,4.340365179,4.243837273,3.971409372,3.500237268,3.34546191,3.210884686,3.156347366,2.631029461,2.268529466,2.166454105,3.283455608
hevc_48_121_3,0.011466887,0.010930586,0.010901778,0.010601221,0.010518304,0.00996253,0.009768697,0.009661135,0.009153705,0.008792706,0.010175755
hevc_48_125_3,0.280602581,0.279070937,0.274938849,0.2646539,0.237915768,0.190215482,0.183843111,0.182366045,0.181313241,0.155603637,0.223052355
hevc_48_129_3,9.047433483,8.414460879,7.398475507,5.574939381,5.250240494,4.628957305,3.746482652,3.704286723,3.669076532,3.666155839,5.510050879
hevc_48_136_3,0.069583701,0.069418298,0.056245222,0.04414379,0.039311104,0.037845234,0.03425744,0.025357333,0.02358223,0.022232533,0.042197689
hevc_48_143_2,0.013519475,0.013460001,0.012048994,0.01182807,0.01162946,0.011608438,0.01130256,0.011277605,0.010188497,0.010112065,0.011697516
hevc_48_146_5,0.257928031,0.181863831,0.172173691,0.15283505,0.144545963,0.138581478,0.129845343,0.128838071,0.126704548,0.124151076,0.155746708
hevc_48_168_12,9.102379058,8.738123238,8.519535359,8.469381156,8.006058542,7.068864058,7.000601065,6.943285486,6.580830094,5.448363449,7.58774215
hevc_48_181_4,0.545086418,0.52733447,0.522241027,0.507326328,0.487076893,0.453569622,0.396234445,0.351575442,0.334680419,0.32702998,0.445215504
hevc_48_213_4,0.004788873,0.004738329,0.004670024,0.004578606,0.004577839,0.004550993,0.004366732,0.004302242,0.004297118,0.004244134,0.004511489
hevc_48_224_5,0.190152834,0.175713636,0.155860017,0.148902819,0.147188882,0.129533671,0.122608087,0.120347603,0.113054392,0.111737024,0.141509896
hevc_48_235_3,0.60288033,0.574675245,0.570144231,0.479207311,0.451698394,0.411254261,0.404635023,0.356953391,0.335924388,0.310114441,0.449748701
hevc_48_252_2,0.023876757,0.021906955,0.019520309,0.018698592,0.018553585,0.018406687,0.018292572,0.018134145,0.017640252,0.017438151,0.019246801
hevc_48_259_6,10.02236443,9.762302675,9.415291763,9.379419113,9.168774012,9.085188737,8.297707462,7.638384742,6.69059859,5.990915839,8.545094737
hevc_48_272_4,76.48303862,68.03716672,64.17192088,61.38924755,57.07097595,44.59173569,35.82399362,31.05088478,29.53777177,24.45523412,49.26119697
hevc_48_302_3,0.227607231,0.183215761,0.181228734,0.172540896,0.166990834,0.14131062,0.138744801,0.138620039,0.117645653,0.112770003,0.158067457
hevc_48_317_11,0.005958726,0.005807847,0.005698852,0.005623261,0.005084986,0.004812301,0.004365068,0.004264526,0.004257374,0.004254123,0.005012706
hevc_48_334_2,0.032809302,0.032782382,0.025135704,0.024215537,0.023063736,0.022969111,0.021333356,0.020751932,0.020420027,0.019918348,0.024339943
hevc_48_343_9,1.231489536,1.053942364,0.791388376,0.615702595,0.332737511,0.203676677,0.184091761,0.178858495,0.117093978,0.054320256,0.476330155
hevc_50_0_9,0.672201223,0.622323937,0.601198895,0.41075531,0.334821115,0.23608253,0.198030538,0.196284259,0.123248195,0.103194835,0.349814084
hevc_50_11_6,0.096193071,0.08396429,0.074338951,0.05247287,0.017440436,0.015711269,0.012599652,0.006325101,0.005256772,0.004194347,0.036849676
hevc_50_19_2,147.1723993,121.4631388,120.1094859,79.09296608,55.39980027,55.23852947,4.513372681,0.795230401,0.112378302,0.064814163,58.39621154
hevc_50_29_4,0.036686821,0.028058194,0.021063665,0.020284271,0.018104287,0.015124061,0.014644134,0.012374182,0.009378979,0.003385523,0.017910412
hevc_50_34_2,0.021719735,0.016721197,0.015905901,0.014806907,0.014194778,0.005903983,0.005174636,0.004336522,0.004283096,0.003907519,0.010695427
hevc_50_38_2,0.415446818,0.369675424,0.327779029,0.199317486,0.18525797,0.145460146,0.139703188,0.128642884,0.107950178,0.05946756,0.207870068
hevc_50_41_5,47.20564181,46.43773511,38.30555282,27.53975329,27.51903654,26.02215988,16.37372665,15.54817994,4.324964005,0.916888164,25.01936382
hevc_50_53_11,2.965806225,2.80449958,1.761456177,0.355882988,0.154659037,0.102741179,0.064564431,0.042826586,0.036181137,0.029903748,0.831852109
hevc_50_72_5,50.95202329,43.32215512,30.56986743,25.4204489,23.13062319,19.63592559,19.54506591,13.46186463,10.58915212,6.601977543,24.32291037
hevc_50_83_2,0.252940368,0.129433427,0.123096311,0.094478896,0.079761304,0.05444825,0.040587966,0.038488007,0.035148796,0.03189122,0.088027454
hevc_50_86_8,21.32116652,19.42450837,1.862598525,1.474264718,0.975402843,0.829435552,0.29175773,0.199005989,0.156088204,0.133187526,4.666741598
hevc_54_4_3,2.54125759,2.17098227,2.053285043,1.523583761,0.800165069,0.78065554,0.609193395,0.258340753,0.142793837,0.10205691,1.098231417
hevc_54_15_2,74.73673092,61.30955689,58.22740416,57.24797779,48.73037727,42.41131823,31.13649514,19.64266614,6.686342842,1.353105005,40.14819744
hevc_54_18_3,4.744165995,4.331636855,3.898596901,3.052055711,2.851073842,2.595488995,2.562414287,1.439106964,1.434382645,1.095249994,2.800417219
hevc_54_31_6,0.817636148,0.743553997,0.578013009,0.569252566,0.569128528,0.482575587,0.468027311,0.402074922,0.39031572,0.320305122,0.534088291
hevc_54_41_8,1.129119243,0.987725837,0.90700276,0.899828203,0.86862275,0.809353449,0.729411166,0.720209009,0.681340725,0.507437103,0.824005025
hevc_54_56_5,0.031354727,0.027959776,0.027258579,0.026418677,0.021312116,0.021272402,0.018743979,0.018540735,0.018476102,0.015952948,0.022729004
hevc_54_84_3,0.038184427,0.016437168,0.009672317,0.008538224,0.006663129,0.006201754,0.00496925,0.002860917,0.00159559,0.00096789,0.009609067
hevc_54_110_7,2.764146846,1.948400137,1.643002274,1.635400313,1.622306081,1.054419502,0.538213543,0.331059906,0.31221229,0.296943072,1.214610396
hevc_54_122_6,0.186407645,0.173683696,0.16347859,0.148440086,0.103257835,0.100554192,0.083381791,0.069671015,0.058945635,0.055413667,0.114323415
hevc_54_139_3,0.76095548,0.59326833,0.390380072,0.356913858,0.291724703,0.290360323,0.255912996,0.16032413,0.156777636,0.148947206,0.340556473
hevc_54_143_3,0.093692511,0.034514918,0.031704512,0.026151847,0.016641458,0.010247048,0.008845042,0.008340504,0.005203923,0.003005661,0.023834742
hevc_55_0_2,0.087361858,0.075902102,0.053340513,0.039565862,0.031358606,0.030356999,0.027563235,0.024273166,0.019065496,0.018352776,0.040714061
hevc_55_4_1,2.929503312,2.764267951,2.018315842,1.992847217,1.983130726,1.830878086,1.692734455,1.075501938,1.029475567,0.905588134,1.822224323
hevc_55_6_2,0.55769878,0.414420826,0.280854995,0.244845792,0.072158874,0.020255217,0.019329019,0.016343586,0.014859292,0.010691215,0.16514576
hevc_55_9_2,0.321878015,0.217121765,0.177504052,0.174499685,0.127011964,0.10423037,0.086653647,0.053660323,0.049417634,0.04715215,0.135912961
hevc_55_14_1,0.336517818,0.334301198,0.317636438,0.167007791,0.157492467,0.147113885,0.14421158,0.127721132,0.111796961,0.088604633,0.19324039
hevc_55_19_1,1.724183176,1.721173299,0.969288271,0.924256603,0.800194821,0.77811669,0.594123818,0.41081191,0.224450923,0.200137203,0.834673671
hevc_55_22_3,0.051957678,0.048594082,0.022415938,0.020722763,0.019183045,0.019087362,0.018379418,0.01754706,0.014213827,0.014063571,0.024616474
hevc_55_26_1,0.699844305,0.65749428,0.643979923,0.608680176,0.592532783,0.534232874,0.356815112,0.305311913,0.30079948,0.299493783,0.499918463
hevc_55_28_2,0.001878004,0.001720532,0.001496162,0.00145086,0.001187174,0.001154597,0.000822498,0.000699424,0.000648357,0.000520128,0.001157774
hevc_56_13_2,0.087133527,0.078558174,0.075868853,0.074896393,0.068020844,0.066079935,0.055869638,0.055193099,0.05287756,0.048548975,0.0663047
hevc_56_16_2,4.257223577,4.074343816,3.928853859,3.692669106,3.575378456,3.504768667,3.394357177,2.876553698,2.602143556,1.903346013,3.380963793
hevc_56_19_3,0.35624947,0.342886792,0.321393164,0.257838724,0.247377439,0.199199359,0.178359317,0.154386561,0.147733377,0.13262359,0.233804779
hevc_56_23_2,5.931021951,5.446852309,1.408220604,0.433784604,0.236463951,0.039249388,0.030510488,0.022978279,0.014247045,0.013249628,1.357657825
hevc_56_27_2,5.470340863,4.792046703,3.866284304,3.629447727,3.519127689,3.480521608,3.163600967,3.095538273,3.052605509,3.047329615,3.711684326
hevc_56_31_2,7.423563127,7.00880254,6.870993313,6.870206378,6.74137402,5.961693805,5.017581846,4.93328733,4.55022595,4.31283864,5.969056695
hevc_56_39_2,0.066272315,0.061506584,0.053808284,0.053000781,0.043197987,0.032934897,0.03228244,0.031634165,0.029493772,0.028072069,0.043220329
hevc_56_41_2,41.7287252,37.93893176,36.874504,35.18952251,33.34922885,31.45619835,29.50023668,28.10612275,24.59366787,24.27567656,32.30128145
hevc_56_44_2,5.275944968,4.431030309,3.381262415,3.365135796,2.722996165,2.209375282,1.904268413,1.672825878,1.636123614,1.63001356,2.82289764
hevc_56_46_2,0.045094498,0.042582466,0.042082976,0.040523667,0.040140506,0.035988857,0.035536973,0.034647605,0.031298802,0.025584442,0.037348079
hevc_56_56_2,0.070107266,0.068871346,0.066948906,0.064110351,0.06014342,0.058690927,0.057952847,0.057396753,0.056468569,0.056299055,0.061698944
hevc_56_58_2,1.579358968,1.513769734,1.451948964,1.44962736,1.311906629,1.264671635,1.25967692,1.208831253,0.993970536,0.772795404,1.28065574
hevc_56_61_2,2.657492957,2.546244746,2.444528384,2.427468996,2.265525431,1.653460966,1.512365439,1.51221756,1.511047545,1.503327184,2.003367921
hevc_56_67_2,46.69929807,41.80441576,40.54202079,40.38988231,39.88257019,36.91199873,36.65975458,35.73874113,34.8719264,33.94378851,38.74443965
hevc_56_70_2,5.796237816,5.562794518,5.270054468,5.249550939,5.114128537,5.001194345,4.579529918,3.834478961,3.725888071,3.142814801,4.727667237
hevc_56_73_3,50.19476579,49.39319884,32.69520247,24.03797663,22.94271656,15.52790341,14.38571047,12.40907982,12.09799769,8.740911293,24.2425463
hevc_56_80_2,1.87962392,1.539216933,1.357904023,1.313295604,1.172853284,1.140911306,0.897602534,0.771388314,0.717298906,0.693809325,1.148390415
hevc_56_86_3,6.835458468,4.977795143,4.918535177,4.188566122,3.980234671,3.359422306,2.812876756,1.896973284,1.840834208,1.131309618,3.594200575
hevc_56_90_6,17.61992013,16.38113825,16.09899996,14.36998905,12.8355817,12.34530339,12.26023834,12.19409874,7.657371979,6.943177134,12.87058187
hevc_57_6_4,0.645314995,0.435200896,0.434959249,0.381887502,0.304963163,0.227880152,0.212833064,0.198207773,0.191708383,0.183382125,0.32163373
hevc_57_11_4,6.380003831,5.346952527,5.201499705,4.793251003,4.421847767,3.807314059,2.689217251,1.711782539,1.265580745,1.15988069,3.677733012
hevc_57_16_4,9.275454289,8.522307792,8.35525944,7.434853264,5.810775369,4.874735318,4.219652497,3.980115114,3.64073894,3.310209516,5.942410154
hevc_57_21_4,16.59807235,15.71359796,15.53014115,14.02165621,13.45272256,13.36945071,11.96185111,11.88651249,11.53641893,9.409437395,13.34798609
hevc_57_26_4,3.652083056,3.441521784,3.06621029,2.834824358,2.550720847,2.111967318,1.951398334,1.821090513,1.487591471,1.216290903,2.413369888
hevc_57_31_5,5.330236359,5.326999669,4.564398644,3.49495382,2.428309909,2.263420508,1.95719835,1.70975158,1.318935035,1.280620409,2.967482428
hevc_57_36_5,25.81047289,22.19540869,21.8943499,19.90026612,18.67250085,18.34348499,17.65709446,16.2946887,15.01580175,14.67538512,19.04594535
hevc_57_42_4,6.609076399,6.329696852,5.783293161,5.416077226,5.400549041,5.177391802,3.344914037,3.105006552,2.696571453,2.507923821,4.637050034
hevc_57_47_9,0.548234656,0.524138053,0.489186376,0.48809178,0.469241215,0.465896523,0.459223018,0.451131585,0.449869036,0.414489408,0.475950165
hevc_57_57_4,5.972548799,5.642256899,5.545300603,5.413079838,4.901303574,4.857022726,4.125462173,3.335555339,3.124128054,2.090136455,4.500679446
hevc_57_62_5,13.73292373,13.65129823,11.50880787,9.864984879,9.056053639,8.949393082,8.944353485,8.165502847,8.129342052,7.860663196,9.9863323
hevc_57_67_5,2.848704855,2.68425672,2.651059108,2.528901903,2.207670158,2.022381428,1.819621396,1.645034209,1.475782768,1.474713405,2.135812595
hevc_57_73_4,11.93982648,10.99962751,10.8690986,10.82665104,9.273185484,7.762416164,7.513709241,7.23933518,6.538227483,5.969344602,8.893142178
hevc_57_78_4,12.43411655,12.36510545,12.1488457,12.09158961,11.97428345,10.92103572,9.388285747,9.159844293,8.63113374,7.995105392,10.71093457
hevc_57_83_4,3.554488472,3.524366389,3.370920576,3.258436634,2.853861461,2.761796462,2.538876837,2.434183263,2.426796325,2.380704059,2.910443048
hevc_57_88_4,3.010578171,2.967652795,2.955306783,2.939771073,2.771053063,2.686368857,2.318493668,1.770572744,0.933831503,0.92994169,2.328357035
hevc_57_93_5,0.090964624,0.081512724,0.066361592,0.050861165,0.048534038,0.048324411,0.046046146,0.04075272,0.039247718,0.037763709,0.055036885
hevc_58_3_2,16.543286,13.32664709,12.98692026,10.25980065,9.137325788,8.827572799,8.432367407,6.871940696,5.149553976,5.051034487,9.658644916
hevc_58_8_2,0.007580393,0.007466207,0.006988376,0.006850133,0.006815417,0.006303127,0.006188493,0.005986289,0.005391425,0.005269111,0.006483897
hevc_58_12_2,6.065531273,6.0599912,5.866197907,4.593045643,3.657027167,3.633502968,1.889938157,1.822758022,1.629550823,1.563222971,3.678076613
hevc_58_23_2,127.8312927,113.7901589,112.1842382,102.2914149,96.16962332,88.46975163,80.59209291,78.2892536,75.16250379,75.03893958,94.98192696
hevc_58_28_2,1.422876869,1.399257024,1.380805084,1.343378422,1.30542463,1.303237219,1.089027709,0.842463659,0.803711489,0.791708663,1.168189077
hevc_58_32_2,15.27165143,12.09504966,10.40267798,7.936319325,7.761945609,7.428881113,7.422401148,5.970674974,4.81463358,4.508914533,8.361314935
hevc_58_43_2,5.223615652,4.760244388,4.282192994,3.727418314,3.392951975,2.281743,2.097915518,2.00126988,1.562742549,0.954876136,3.02849704
hevc_58_51_2,12.55357569,11.39298713,10.11206299,7.998938901,7.970993605,7.52833001,7.520333756,6.985934515,6.022244989,5.761965733,8.384736732
hevc_58_75_5,60.81599092,54.67012089,47.87862512,43.08043246,31.22727991,30.86595618,27.57819978,27.25708661,25.48541852,25.13485565,37.3993966
hevc_58_100_3,44.18551043,36.70347058,34.88149701,32.96263468,27.8700914,25.0428305,23.5292333,22.95598692,22.17751859,20.18000742,29.04887808
hevc_58_134_3,173.63383,157.5831836,112.5520274,108.8620601,81.74377833,74.24637089,72.03239805,65.07104172,57.58587757,56.24122569,95.95517934
hevc_58_149_2,37.01525371,33.38914744,32.69980248,30.105184,26.46637917,22.42188234,21.77399304,20.57479429,18.52729897,18.40070446,26.13744399
hevc_58_157_3,46.32759385,46.15528862,46.10798383,41.53363536,37.78846775,37.27729266,31.47286023,29.49862915,26.48912233,22.6467883,36.52976621
hevc_58_168_4,11.23181624,10.51933812,9.632631467,6.557518291,5.946066586,5.362144673,5.22144653,5.002777257,3.960176593,3.724413573,6.715832933
hevc_58_178_3,85.99808842,79.32500859,79.15929821,78.05219349,63.88121768,63.80136633,62.93373341,61.95559485,57.86466585,57.72892836,69.07000952
hevc_58_193_2,123.4930656,106.8817345,96.19484067,95.26949722,91.99760747,82.42134093,78.60928468,77.16986299,73.04655851,69.22173845,89.4305531
hevc_58_196_2,35.98536931,31.85014224,31.60754717,30.12725655,29.22091966,26.43121992,25.18147278,24.42652102,24.02645489,22.31858026,28.11754838
hevc_58_198_2,89.66377312,89.15207048,88.72806686,88.61157836,87.31746149,83.91258451,80.94006529,80.45219279,66.95763235,66.26447034,82.19998956
hevc_58_212_2,5.059582019,2.425510815,0.481772993,0.290818975,0.222671969,0.169703599,0.142612768,0.109861371,0.080512961,0.063656492,0.904670396
hevc_58_228_2,57.33920866,56.93893769,52.97056241,50.18388019,44.5833729,40.13121493,35.25847545,31.88942471,29.9111311,29.75283421,42.89590422
hevc_59_5_2,42.76157773,37.8770414,25.55509138,22.48707588,21.88494664,20.82247584,17.99096314,13.79018791,11.00199559,10.99983552,22.5171191
hevc_59_7_2,7.823943601,6.127101869,5.709953406,5.506211218,5.406991308,5.194046432,4.992845573,4.978906974,4.606308598,4.523267574,5.486957655
hevc_59_19_2,30.65351847,30.017192,29.01432979,25.61480944,23.35149515,21.81896858,20.6426588,19.72838721,18.67336261,16.90675405,23.64214761
hevc_59_49_2,4.905184609,4.703623077,4.207656311,3.774862354,3.568183714,3.534000301,3.016245581,2.87635662,2.750982395,2.085490512,3.542258547
hevc_59_54_3,6.021529115,3.743606144,3.061469085,2.855386008,2.530882062,2.227788294,1.984697758,1.937455254,1.886882761,1.863542325,2.811323881
hevc_59_61_2,0.028419774,0.028222344,0.02197962,0.021853461,0.02096489,0.019699314,0.018101955,0.014143128,0.01142772,0.011108047,0.019592025
hevc_59_99_3,0.011620993,0.010278151,0.010006146,0.008508407,0.007645974,0.007539958,0.006257703,0.005366566,0.004449535,0.003701362,0.00753748
hevc_59_106_3,25.44078052,24.64097274,21.36172565,20.01545259,18.1370046,15.76603308,12.36474735,11.45223118,11.00595461,10.11588667,17.0300789
hevc_59_126_2,0.545158515,0.527065156,0.489114418,0.445034465,0.383523137,0.382804227,0.376025889,0.364539738,0.260908542,0.256548673,0.403072276
hevc_59_181_2,14.68610302,14.33201045,13.7446104,12.96108018,12.60222197,11.5070803,11.33347147,11.10498219,10.01336361,8.443674339,12.07285979
hevc_59_191_4,45.78574223,43.91162829,41.9990965,39.83812841,32.27394185,24.81505557,19.74920592,15.93923479,13.30700765,12.5496337,29.01686749
hevc_59_203_3,10.94384757,10.5586695,7.697645305,6.667900683,6.420024676,5.899314416,4.113124545,3.710198932,3.03122066,2.313059153,6.135500544
hevc_59_216_3,1.839184676,1.804625136,1.593784367,1.485532906,1.001542449,0.751969664,0.632083866,0.581800104,0.536467196,0.501219908,1.072821027
hevc_59_230_6,6.881254389,5.515790145,5.099564598,5.055618299,4.521312216,4.231190818,3.750000723,3.692271298,3.438621192,3.210002617,4.539562629
hevc_60_8_4,6.220263523,6.157827334,6.013604392,5.346903122,5.010162788,4.971913538,4.775567642,4.077817851,2.748829519,2.392059927,4.771494964
hevc_60_13_2,8.091723406,7.005335353,6.677467206,5.455054907,5.398247458,5.197866352,5.194893487,4.931329221,4.278441014,3.77107768,5.600143608
hevc_60_20_2,53.71226519,23.86112851,22.38361393,19.92759496,18.91808852,13.76450648,10.67116205,8.36478701,7.638980756,7.220766248,18.64628936
hevc_60_29_3,11.13385404,10.84780168,10.81775933,9.197056401,7.379210072,6.897485665,6.517209768,6.112038354,5.709787933,5.576246543,8.018844978
hevc_60_39_2,21.60450375,13.21900961,10.50069717,5.151599109,4.836686309,2.137002028,1.415951914,0.167496295,0.116401698,0.032437748,5.918178564
hevc_60_49_3,19.79079723,17.98495881,15.84764288,14.70947774,12.76779455,12.00257338,11.50016157,11.32563449,11.23850678,10.43159488,13.75991423
hevc_60_53_2,0.006112263,0.006085299,0.006049061,0.00595866,0.005289271,0.005256757,0.00508143,0.004933382,0.004810518,0.004591198,0.005416784
hevc_60_61_3,12.16187153,10.75166506,10.46904576,9.226382583,5.374283313,3.798727042,3.496906008,1.456439614,0.986718678,0.729571563,5.845161115
hevc_60_65_2,0.050174102,0.046260205,0.043206956,0.039878839,0.038018736,0.036240877,0.034495051,0.030039339,0.02779046,0.025602169,0.037170673
hevc_60_74_2,14.93206815,14.51075869,14.23264416,13.75686357,13.75596573,12.81628807,12.31016272,11.89011506,10.62423084,9.850652044,12.8679749
hevc_60_82_2,1.558769998,1.333534635,1.180712772,1.159763999,1.157253944,0.996418855,0.950275246,0.915839021,0.833938918,0.702949754,1.078945714
hevc_60_98_4,0.927744215,0.844569497,0.760746625,0.736445474,0.630507635,0.513336888,0.494137331,0.475133298,0.456701701,0.410831056,0.625015372
hevc_60_102_4,14.49710001,14.21216831,9.392787903,8.116928661,7.678400043,6.180675008,4.368729339,4.274086674,4.200300569,3.878578645,7.679975516
hevc_60_106_3,40.82838082,37.79208079,30.93970581,29.60665453,22.6742555,21.51443767,20.02773002,19.82588626,17.13598463,16.86225048,25.72073665
hevc_60_112_3,1.514683152,1.509247906,1.354837107,1.137703719,0.924855515,0.851885552,0.844876569,0.704767338,0.62587762,0.514265875,0.998300035
hevc_60_119_2,38.84876787,35.84778093,32.98815007,32.13619224,31.8915048,30.9120451,29.90455902,27.29850424,23.95516004,23.70236428,30.74850286
hevc_60_122_4,42.26849102,40.92283754,34.34818917,30.10313384,27.77559838,27.72542927,27.21555398,26.84519533,26.61754066,26.02830365,30.98502728
hevc_60_133_2,37.5338864,35.64406202,34.77380593,33.6336912,29.59935609,28.6321013,26.76286211,26.69785733,24.57611296,24.50034248,30.23540778
hevc_60_137_4,10.69835147,10.37802527,9.547734221,8.768714256,8.235751337,7.184183951,6.718655052,6.232234164,5.767155399,5.534025734,7.906483085
hevc_60_142_3,0.01820671,0.018149515,0.016381255,0.015959327,0.015310708,0.014068105,0.013482413,0.012222212,0.010662452,0.009304504,0.01437472
hevc_60_151_3,0.236709938,0.217715801,0.215985261,0.201207217,0.17686086,0.160650634,0.159656769,0.134106518,0.131416826,0.122338836,0.175664866
hevc_60_171_2,20.0854392,20.0236538,19.2623214,18.24277281,17.64801409,13.11836189,12.46760409,10.40491647,9.883947997,8.773221806,14.99102536
hevc_60_176_2,35.66524509,33.83253208,32.07762256,30.12846933,25.42534319,23.49926769,22.8589742,22.6065081,13.8883442,11.43412005,25.14164265
hevc_60_185_2,40.50811605,18.02425108,11.38190546,5.90700053,5.241846032,5.19858799,4.948209755,4.838805673,4.165443338,3.997634977,10.42118009
hevc_60_195_2,0.359167578,0.319287105,0.260533526,0.252654796,0.238432055,0.229129653,0.198628373,0.148930765,0.136661339,0.018041689,0.216146688
hevc_60_198_2,40.36430644,39.61731317,37.36217199,35.67964754,34.66007058,29.78550497,25.58192286,25.31024218,23.76953175,23.70405036,31.58347618
hevc_60_205_2,6.564479926,5.466485536,0.880244906,0.872288924,0.850725961,0.62748038,0.510408487,0.487649944,0.445879617,0.383852615,1.70894963
hevc_60_217_3,23.01742051,21.4237685,20.56247307,19.44833749,18.96192704,18.42872036,18.40843545,18.18965439,17.91742895,17.50553889,19.38637046
hevc_60_222_2,36.04677542,33.73259644,31.62587862,15.20279343,13.25036117,12.46696587,11.82446566,7.077223775,7.073327839,6.111759593,17.44121478
hevc_60_226_2,99.69825107,93.06298497,86.5165977,82.41949294,75.1173803,75.05037602,70.10078197,69.75423298,67.16588793,64.7209169,78.36069028
hevc_60_236_4,9.617538047,9.434781365,9.079554269,6.390079301,5.65027024,4.389608575,3.803108053,3.383630493,2.683596617,1.983162874,5.641532984
hevc_61_10_10,11.32474876,10.98477987,10.36465139,10.23226348,9.906464183,8.063256038,6.508059779,4.217277629,3.558518497,2.414018562,7.757403818
hevc_61_23_8,22.4613811,19.79568351,14.00653456,7.515389204,6.061608131,5.700996313,2.642562009,2.379063427,1.822717153,1.764952532,8.415088794
hevc_61_52_25,0.095695328,0.075044975,0.062479595,0.048147092,0.037328038,0.029353853,0.017297195,0.016517341,0.015758757,0.014577155,0.041219933
hevc_61_90_40,16.17196185,15.90671164,14.42718079,10.22974699,9.283647612,8.921228209,8.819042544,8.549575781,7.425819103,7.383314731,10.71182292
hevc_61_133_4,0.004091112,0.003895084,0.00379528,0.003683308,0.003609021,0.003538311,0.0035144,0.003454305,0.003255497,0.002748552,0.003558487
hevc_61_162_17,0.260013189,0.182392865,0.17454826,0.160631284,0.154878363,0.14117658,0.115791947,0.110522107,0.102279385,0.099944516,0.15021785
hevc_61_196_5,0.175754908,0.164588807,0.145389065,0.133556893,0.101666571,0.088281545,0.081843371,0.077910475,0.067871835,0.064544898,0.110140837
hevc_61_245_4,0.01526155,0.013609885,0.012587193,0.011578685,0.00897131,0.007974948,0.007903471,0.007656599,0.006183242,0.006012452,0.009773934
hevc_61_260_6,8.841545573,7.886830192,7.537701468,5.899104747,5.321498866,5.153869977,4.827722314,4.611586911,4.407781659,4.056712008,5.854435372
hevc_61_267_10,15.44982915,15.44577892,15.1955097,14.34980486,13.47451153,12.55542689,11.08548586,10.75487607,10.16848096,9.180856674,12.76605606
hevc_61_279_15,0.026281785,0.019036733,0.018826039,0.01539366,0.014429366,0.013898466,0.006486093,0.004967168,0.004677019,0.004375392,0.012837172
hevc_61_326_4,0.682750997,0.653977374,0.586215913,0.551643823,0.510132876,0.464353539,0.375783982,0.366340281,0.352519931,0.324998868,0.486871759
hevc_61_343_23,0.670116113,0.653550986,0.640847343,0.602020151,0.452513043,0.419017569,0.366488392,0.271150025,0.105837209,0.085997845,0.426753868
hevc_61_385_35,2.483288411,2.195609979,2.087121224,2.012947068,1.770325023,1.456028253,1.444505347,1.120567447,1.037005691,0.905915044,1.651331349
hevc_61_430_28,0.137063187,0.121472697,0.083968239,0.068024198,0.05608483,0.054266343,0.038516776,0.038132762,0.035367415,0.034200925,0.066709737
hevc_61_489_27,3.162570124,2.677551088,2.524102761,1.804127155,1.511057763,1.501441233,1.465419053,1.127047108,1.085971562,1.068245824,1.792753367
hevc_61_524_51,13.34562586,11.64693604,11.51932686,11.44975938,6.981977423,6.898078895,6.88535517,6.824770905,5.299117574,5.069558264,8.592050637
hevc_61_589_48,0.060270399,0.056190288,0.025750426,0.025547826,0.023354476,0.018441874,0.016082521,0.014833831,0.012502583,0.010092505,0.026306673
hevc_61_724_28,0.435229499,0.412035691,0.338602339,0.308694942,0.203715885,0.190875299,0.1114192,0.059325125,0.044126638,0.040511876,0.214453649
hevc_61_890_12,0.621341787,0.361630941,0.360303529,0.358806806,0.320291952,0.301907155,0.269243719,0.253079153,0.162049542,0.128685818,0.31373404
hevc_63_7_20,3.18226045,2.080028174,1.285255457,1.093869066,1.070772096,0.790366767,0.651851919,0.587681835,0.469755169,0.246383545,1.145822448
hevc_63_60_2,13.81071565,13.70182201,12.06191862,10.63479647,8.044638731,7.863601601,7.522530872,6.247890262,5.938871496,5.790339945,9.161712566
hevc_63_80_6,3.813788799,1.676231832,1.576250385,1.446758441,1.262814413,1.155505821,0.833097453,0.71424588,0.608079682,0.573875932,1.366064864
hevc_67_0_3,2.946141077,2.512994229,1.922704416,1.905831571,1.772356756,1.538564042,1.157523022,0.763084538,0.716997127,0.545059874,1.578125665
hevc_67_4_2,0.350724641,0.209675131,0.207934213,0.203553291,0.198412008,0.19123775,0.190088045,0.185552764,0.166103497,0.12521918,0.202850052
hevc_67_11_3,17.50036441,13.45841146,2.814199881,1.954939053,1.436489014,1.147214778,0.140883899,0.139063873,0.118176101,0.072610259,3.878235273
hevc_68_3_4,0.003975394,0.001568407,0.000861588,0.000559595,0.000463781,3.05E-06,0,0.00E+00,0.00E+00,0.00E+00,0.000743182
hevc_68_37_4,1.619303486,1.103742641,1.078846691,1.01148174,0.79294102,0.723525082,0.615566979,0.437491455,0.30533424,0.298061661,0.798629499
hevc_68_61_11,14.95903698,14.04534709,11.0110223,10.42909572,10.08265323,9.202560741,5.946938242,5.557246968,5.277724898,5.035028449,9.154665462
hevc_68_80_3,1.180125992,1.165397317,1.067050561,0.955205806,0.92619668,0.745544797,0.597256842,0.543379057,0.510560771,0.471289509,0.816200733
hevc_68_136_7,0.008774027,0.008713042,0.008199038,0.007987243,0.007922759,0.006779914,0.006592664,0.006545204,0.006178367,0.006140263,0.007383252
hevc_70_1_4,10.05037873,10.00590699,9.282821338,9.01001993,8.995834206,8.844713454,8.632781553,8.368617523,8.332557533,8.241576761,8.976520801
hevc_70_6_3,4.078964801,3.804954788,3.714335574,3.691404471,2.834488172,2.55646685,1.910046842,1.870377655,1.749769862,1.604333037,2.781514205
hevc_70_9_3,6.781395988,6.738336017,6.674859627,6.347738593,6.155325898,5.718014599,5.010103031,4.694321105,2.560517318,1.921585736,5.260219791
hevc_70_12_3,12.04636743,11.41907026,10.88834494,10.81976248,9.411359211,9.410143769,9.346761215,9.266072899,9.13629211,7.866760697,9.961093502
hevc_70_15_4,3.299007124,2.596328741,2.212386271,1.716944421,1.632883015,1.510495377,1.411547657,1.204331844,1.145012655,0.94027051,1.766920762
hevc_70_30_5,3.193958058,3.093993428,2.740853292,2.721276409,2.231194755,2.166017005,2.128508164,1.401320536,1.06227124,0.971911795,2.171130468
hevc_70_69_6,3.155384823,2.546029952,2.153083577,2.132816158,1.875391265,1.782155141,1.411769282,1.063910503,1.008873092,0.518889981,1.764830377
hevc_71_2_4,3.635583744,3.285527491,3.192922548,2.646411271,2.396274564,2.247322066,1.955504122,1.141986562,0.971899692,0.877536815,2.235096887
hevc_71_17_15,0.092145384,0.086941802,0.041686398,0.032198581,0.030154724,0.009469793,0.00811286,0.005884558,0.005309369,0.004019022,0.031592249
hevc_71_34_8,0.239212019,0.210217705,0.154819153,0.140643218,0.138398728,0.126811278,0.104122306,0.10210948,0.098645015,0.071135641,0.138611454
hevc_71_43_3,0.018541018,0.018457232,0.017576065,0.017145073,0.017042072,0.01696486,0.016848233,0.016579118,0.016545748,0.016073173,0.017177259
hevc_71_47_4,0.334673855,0.319902924,0.230880764,0.18710038,0.182676594,0.176202951,0.172586156,0.13053406,0.128838485,0.1065645,0.196996067
hevc_71_61_10,2.147599853,2.140801793,1.99493507,1.597251178,1.360248032,1.169823859,0.922218142,0.545472182,0.411218721,0.39402239,1.268359122
hevc_71_90_3,17.0119202,14.40198207,10.841106,10.26649285,6.666762345,6.12646083,3.865600131,1.711430581,1.392889288,1.137757414,7.342240171
hevc_71_95_3,6.611811262,6.565280366,6.430263122,6.257456059,5.807107392,5.518020301,5.506118157,4.76659359,4.578409502,3.766081577,5.580714133
hevc_71_99_4,9.866081136,7.34338866,7.285733646,6.399351127,6.131821628,4.298433689,4.267694452,4.105111284,4.002149966,3.674705557,5.737447115
hevc_71_108_4,0.083078274,0.081869946,0.080282426,0.072500801,0.067855955,0.060896956,0.047329555,0.046534197,0.043757089,0.038729386,0.062283458
hevc_71_164_4,5.387402701,4.273046205,3.731758514,3.349290124,3.069131486,2.789138382,2.399952782,2.363591631,2.049077006,1.912896574,3.132528541
hevc_71_185_3,4.606659908,2.193553093,1.18834033,1.147605626,0.954392455,0.804870789,0.79107563,0.529559092,0.467581104,0.457080361,1.314071839
hevc_71_189_3,0.78648466,0.770964061,0.707902551,0.547760858,0.503486089,0.400752817,0.386630074,0.373120454,0.304542,0.286690065,0.506833363
hevc_71_193_2,0.019341132,0.01890698,0.018584076,0.018254009,0.017851707,0.017307737,0.017287497,0.017085989,0.0169709,0.016242392,0.017783242
hevc_71_197_7,0.241295236,0.240931603,0.233904503,0.218510737,0.207404998,0.200355211,0.183920419,0.169492843,0.135311273,0.130276113,0.196140294
hevc_71_205_4,1.598379326,0.792205567,0.752413767,0.69688813,0.592462631,0.278574857,0.266513217,0.199038083,0.163029892,0.161765858,0.550127133
hevc_71_210_3,1.943129428,1.746850508,0.759957553,0.744636836,0.740914621,0.712152138,0.69408219,0.401027006,0.399117259,0.356983339,0.849885088
hevc_71_227_3,0.403469101,0.331597027,0.30050508,0.200538745,0.127953377,0.119711372,0.118379761,0.085598877,0.063150573,0.056844094,0.180774801
hevc_71_230_5,7.462629525,7.253243343,6.787473692,5.943450441,5.681536946,5.084876142,3.928602616,3.319352387,1.790429105,1.709070566,4.896066476
hevc_71_236_8,2.468177538,2.358824945,2.118249803,1.479420186,1.143785683,1.024613553,0.927533825,0.904538134,0.402165105,0.298712413,1.312602118
hevc_73_0_6,65.22688645,62.48085805,58.54717427,56.59285797,53.52128321,41.0116008,38.11202307,34.72148181,34.40334526,27.48378996,47.21013009
hevc_74_0_4,0.181723844,0.176558654,0.160008266,0.136222059,0.103727544,0.090999849,0.090442967,0.083346273,0.076747483,0.052358014,0.115213495
hevc_74_13_2,0.720358158,0.707490345,0.570023492,0.563578512,0.54461274,0.468138651,0.436636435,0.423957934,0.385056748,0.339220973,0.515907399
hevc_74_17_3,0.200152975,0.178925486,0.168444001,0.151760643,0.150163257,0.138095939,0.128807318,0.101542302,0.097099061,0.087380447,0.140237143
hevc_74_29_2,0.422618666,0.379987252,0.357852141,0.334879269,0.314918112,0.30859495,0.283132147,0.272713403,0.269023499,0.262684924,0.320640436
hevc_74_37_2,0.89941056,0.887049831,0.877256766,0.825170571,0.681396866,0.670529345,0.652213141,0.599509104,0.589378615,0.551275144,0.723318994
hevc_74_40_3,1.269006831,1.163429724,0.939955426,0.91334925,0.75577649,0.542816485,0.441387824,0.410330656,0.409319465,0.286308265,0.713168042
hevc_74_46_2,0.320139162,0.316869784,0.310220776,0.30891654,0.288327314,0.250266238,0.239876772,0.234297855,0.226054046,0.189229999,0.268419849
hevc_74_52_2,1.429584164,1.32725833,1.145494714,1.133510772,1.024096618,0.857786462,0.833483032,0.731407674,0.719929616,0.598524538,0.980107592
hevc_75_0_3,0.002919264,0.002759434,0.002549829,0.001816716,0.001678377,0.001548991,0.001051538,0.000946614,0.000532748,0.000483695,0.001628721
hevc_75_4_3,0.017620745,0.016895045,0.015689826,0.014532345,0.013284917,0.012970484,0.011889461,0.0103851,0.009900638,0.009585997,0.013275456
hevc_75_8_2,0.31759297,0.316394727,0.286178428,0.243578477,0.238965906,0.225672553,0.21853608,0.189007575,0.187220409,0.186651925,0.240979905
hevc_75_11_2,0.276054972,0.201515421,0.191605597,0.130815081,0.103255994,0.08407032,0.059536133,0.054038229,0.037351287,0.034726263,0.11729693
hevc_75_16_3,0.015209456,0.013369077,0.01312886,0.009910915,0.009403658,0.007079185,0.003709359,0.003399576,0.003331036,0.002348034,0.008088916
hevc_75_22_2,0.254074387,0.238655645,0.232981538,0.228841036,0.22444754,0.220216073,0.196026243,0.168290467,0.134692223,0.104516002,0.200274115
hevc_75_30_3,3.504002345,1.803859231,1.424790834,1.391275647,0.968961197,0.539496049,0.198645657,0.047285779,0.045074472,0.035880061,0.995927127
hevc_75_42_2,0.069429719,0.05012254,0.049912291,0.029479771,0.027501401,0.016169369,0.015528018,0.014646244,0.013672367,0.013277275,0.029973899
hevc_75_45_3,0.007823448,0.007609615,0.005252408,0.005233787,0.005167643,0.005055667,0.004970647,0.003809703,0.003641567,0.003640739,0.005220522
hevc_75_55_2,0.348713407,0.31247007,0.281401905,0.214585901,0.193849365,0.168377441,0.145145717,0.131813779,0.127655622,0.125703954,0.204971716
hevc_75_58_5,0.024454623,0.021086145,0.019897493,0.019248585,0.015915904,0.010428625,0.009706826,0.008410665,0.007192205,0.006756314,0.014309739
hevc_75_68_2,0.010662336,0.010383852,0.010188257,0.010172423,0.009483922,0.009458172,0.009200855,0.008767075,0.008212462,0.008038069,0.009456742
hevc_76_1_2,122.2679551,59.47833422,12.26028967,2.620736245,0.757021632,0.443007535,0.140213708,0.057644628,5.57E-03,4.97E-03,19.80357345
hevc_76_5_2,0.140270687,0.131510135,0.090364248,0.08848668,0.081954723,0.046820434,0.024124229,0.023434859,0.018936275,0.017759436,0.066366171
hevc_79_0_4,2.522278746,2.46468359,1.947418139,1.76410501,1.720410681,1.630885101,1.575130385,1.434671557,0.998649834,0.851154318,1.690938736
hevc_79_6_2,4.42006933,3.762256262,3.701006087,3.154843211,3.06259014,2.338886409,2.239430611,1.998367283,1.642825594,1.458856817,2.777913174
hevc_79_20_3,3.797387722,2.875417761,2.638767937,2.503782542,1.948408588,1.462401846,1.108523993,0.982895263,0.976211749,0.905721857,1.919951926
hevc_79_38_3,0.058146811,0.054074158,0.039908039,0.036821188,0.03044145,0.023288014,0.019016749,0.018871247,0.018500697,0.016643525,0.031571188
hevc_79_46_5,16.15937982,15.26540865,12.14534506,10.82444435,9.866059074,8.91343036,8.886517078,7.49265177,7.404899926,6.127199105,10.30853352
hevc_79_55_2,0.207237875,0.183892874,0.183707121,0.175457706,0.172720458,0.17066996,0.159336679,0.144728565,0.14391751,0.141411198,0.168307994
hevc_79_64_3,1.018115724,0.868550568,0.852563261,0.703166386,0.639858503,0.588189915,0.575985807,0.571938205,0.519135029,0.472207079,0.680971048
hevc_79_73_3,0.175258398,0.167917564,0.166814919,0.137731731,0.12359735,0.112985599,0.111414477,0.110768365,0.086797471,0.080686311,0.127397219
hevc_79_90_2,0.009382725,0.00884736,0.008625108,0.007321891,0.007285292,0.006797703,0.006736744,0.006693801,0.00647612,0.006186711,0.007435346
hevc_79_141_3,0.060812839,0.057703891,0.05522547,0.045113284,0.043362566,0.039206381,0.036806506,0.036762269,0.035949826,0.035406441,0.044634947
hevc_79_192_3,0.019026012,0.018093717,0.017918428,0.017865616,0.017744533,0.01771207,0.017416219,0.017398579,0.017358333,0.017275274,0.017780878
hevc_79_205_3,1.429479993,0.943886457,0.775060297,0.622359886,0.540143082,0.526716415,0.459211872,0.288645666,0.234847147,0.193291378,0.601364219
hevc_79_258_3,0.574645619,0.425641299,0.366855919,0.288743032,0.270860782,0.265019528,0.260670161,0.250180683,0.239929631,0.2374246,0.317997125
hevc_79_273_3,0.232610636,0.231249202,0.192829864,0.18571036,0.162409872,0.13874796,0.121409022,0.115987602,0.104689788,0.093909064,0.157955337
hevc_79_327_2,0.002801766,0.00227999,0.002138141,0.0020122,0.001930977,0.001910007,0.001854895,0.001853016,0.001354801,0.001267633,0.001940342
hevc_79_384_4,0.416534615,0.413688277,0.405939554,0.3934876,0.383064349,0.368970191,0.339835447,0.335239274,0.311681595,0.290315337,0.365875624
hevc_79_397_2,20.36769227,18.66980483,16.50679341,14.85263664,14.65445121,14.0564022,12.39580032,12.2199898,12.20592636,11.52733959,14.74568366
hevc_79_404_3,0.03412428,0.033417671,0.031610243,0.026717398,0.026591815,0.025870022,0.022991795,0.009721979,0.009559167,0.009293308,0.022989768
hevc_79_418_2,5.409950972,4.709401925,3.409471894,2.654845966,2.491254815,1.692955829,1.628824356,1.374819996,1.111450042,0.983647424,2.546662322
hevc_80_4_4,14.02869929,10.74891845,10.54698511,8.51530481,7.900682043,6.956027968,6.116138908,4.151373902,2.118230629,1.94235999,7.302472111
hevc_80_9_14,86.26112135,86.00006672,73.89763068,71.4626855,64.77750531,64.02534934,61.20678254,58.6208894,54.85368336,50.6913986,67.17971128
hevc_80_24_8,0.004561449,0.004520329,0.004287936,0.004201905,0.004177586,0.004126829,0.003688362,0.003489647,0.003319115,0.003010234,0.003938339
hevc_80_33_5,1.030323385,0.747456092,0.593578922,0.587741558,0.547778661,0.503042719,0.472284956,0.415190139,0.3570482,0.343763805,0.559820844
hevc_80_41_6,0.008056422,0.007219094,0.006940313,0.006433015,0.006239195,0.006218901,0.006056639,0.005905433,0.005551299,0.0053585,0.006397881
hevc_80_48_3,0.001265313,0.001096909,0.00100872,0.000997681,0.000985869,0.00098005,0.000549364,0.000367445,0.000350398,0.000256778,0.000785853
hevc_80_53_2,21.8934727,21.58653683,19.98952657,19.94195088,19.74949169,19.4731404,17.91050569,17.02760601,15.7338876,13.69312605,18.69992444
hevc_80_56_6,11.08640519,7.862890168,7.387921874,6.68144018,5.391533636,5.315435173,5.12177656,4.688632929,3.839563587,3.466755572,6.084235487
hevc_80_63_4,11.33314172,10.73089764,10.65761392,9.869432881,9.410144549,9.241652562,9.212415314,8.548663742,7.556556706,5.853761954,9.241428099
hevc_80_101_4,182.7462778,166.2308889,158.1523299,156.5495827,118.9706736,117.3825029,116.7199872,100.3730866,90.74343623,88.7826646,129.665143
hevc_80_106_4,92.64400554,92.39260494,86.30207189,83.33035021,79.47318608,76.86943453,69.78723014,65.42022939,61.00434672,60.51089497,76.77343544
hevc_80_116_3,0.15886482,0.156198698,0.117974827,0.111600141,0.108497536,0.101210816,0.094655032,0.087210998,0.080462521,0.076668643,0.109334403
hevc_80_127_4,18.79453178,17.76805512,16.06950947,14.94436143,13.8959362,12.47396517,11.39528398,9.334661525,9.320678726,8.833064402,13.28300478
hevc_80_135_4,51.78738486,44.52945053,16.64079912,16.41180452,15.19207237,15.0231126,14.16708139,12.58856077,11.26329717,11.15191566,20.8755479
hevc_80_145_4,12.11952199,9.93369891,7.807430887,7.176716692,6.342109496,5.80593441,4.376611115,4.285149023,3.917285097,3.281211802,6.504566943
hevc_80_150_3,7.477270867,7.445065837,6.021589151,5.461344439,5.181232865,4.565214706,2.710803817,1.580106013,1.402912663,1.349708834,4.319524919
hevc_80_178_3,25.84130493,22.05223041,21.76422678,21.67435811,21.04678102,20.71497102,17.65805232,17.37764183,16.93756184,16.92240044,20.19895287
hevc_80_182_3,12.49763758,11.44598279,11.06646491,9.685363622,8.404362796,8.113275503,7.61833479,7.590056768,7.107649321,5.988388731,8.951751682
hevc_80_186_3,190.1724323,184.3338126,172.5393945,169.4506577,167.0622919,151.5023634,146.0613541,132.6090986,125.7416875,121.764437,156.123753
hevc_80_190_3,17.52765798,16.64405846,15.02987023,11.58601504,11.49927971,11.11895098,10.33747186,8.655089501,7.269719153,6.215460203,11.58835731
hevc_82_62_2,30.77148296,27.83767344,23.45254522,22.19169494,21.91089321,21.30434791,20.04094547,18.0758775,17.05382425,16.57258597,21.92118709
hevc_82_65_3,27.00746879,25.71786852,21.79838735,21.235566,16.76150455,16.28411682,14.83554803,11.93026946,3.936020705,1.780926875,16.12876771
hevc_82_96_3,25.76753413,23.31068485,22.78213321,19.04700585,17.00317224,16.44143793,16.27936863,15.90773452,13.53242855,13.33639275,18.34078926
hevc_82_100_14,17.14346575,9.828707926,9.351149524,9.191379312,9.061612867,8.461033638,8.19745621,7.010171091,7.001203496,6.046110812,9.129229063
hevc_83_7_4,2.275357867,2.068369288,1.990312191,1.984104679,1.71693695,1.458964749,1.389769689,1.271746237,1.197309161,1.18484119,1.6537712
hevc_83_12_6,3.964453503,3.857747635,3.578516357,3.430722684,2.815519506,2.278398301,2.242503551,2.076178509,1.459076839,1.348692147,2.705180903
hevc_83_19_3,13.22984111,11.83364922,11.70030198,11.51862307,8.793666977,8.122603827,7.535097926,5.352018708,4.486543791,1.55773606,8.413008267
hevc_83_23_6,2.465767449,2.419796923,1.98558434,1.913234072,1.564121784,1.282834612,1.16984566,1.096479341,1.048920469,1.023316773,1.596990142
hevc_83_30_5,4.25490516,3.217085083,2.956073789,2.847878111,2.811234702,2.134828137,2.076921588,1.988744132,1.494031489,1.411672617,2.519337481
hevc_83_36_8,0.160511719,0.15835351,0.154935231,0.134459423,0.132015119,0.104839588,0.102653627,0.099522145,0.088405744,0.06931661,0.120501272
hevc_83_45_4,6.301672795,5.426958234,4.483311388,3.266742673,2.521783186,1.882424733,1.822412747,1.581599119,1.492993368,1.477241739,3.025713998
hevc_83_50_5,0.163675536,0.120285172,0.111841617,0.1070034,0.085518595,0.085402177,0.08528668,0.05432149,0.050506969,0.046640172,0.091048181
hevc_83_56_7,10.18367145,9.697619478,9.447856044,8.495881108,6.291153062,5.374550087,4.107262485,3.710204559,3.443059214,2.285922311,6.30371798
hevc_83_64_5,0.555306592,0.536139502,0.529036772,0.494992494,0.478259735,0.390509107,0.368280719,0.348581502,0.320398248,0.295780705,0.431728537
hevc_83_70_8,0.781378371,0.758337469,0.614579761,0.554380314,0.533328413,0.520180123,0.500612326,0.464897267,0.334345657,0.263434234,0.532547394
hevc_83_79_7,1.161070878,1.028543342,0.933204959,0.931123392,0.893141512,0.862947143,0.827917491,0.825822869,0.738683335,0.684690872,0.888714579
hevc_83_93_17,0.531826078,0.358710536,0.331925277,0.323792058,0.312045602,0.295687069,0.283639955,0.193432141,0.160673591,0.151091166,0.294282347
hevc_83_112_4,0.203477291,0.202744441,0.202661291,0.192799667,0.188827549,0.163199506,0.146751346,0.130329813,0.103171021,0.096879853,0.163084178
hevc_91_16_7,188.5904013,160.2250547,139.9948411,136.0670698,108.4183061,105.5163099,100.3012047,86.50406488,74.86163258,43.86452785,114.4343413
hevc_91_24_8,22.2886816,21.87891287,19.07357805,14.32175745,13.49063393,13.29016427,10.02468863,6.118595544,5.55573671,5.532389743,13.15751388
hevc_91_34_8,53.82049056,35.53146779,34.44035811,26.448773,25.37004433,21.5078908,1.267613082,0.370308545,0.329420173,0.149562273,19.92359287
hevc_91_47_5,36.19119157,36.07484605,32.24344145,24.04669648,23.78310683,23.34353557,21.8647381,20.96934145,19.11438024,18.96314396,25.65944217
hevc_91_53_8,113.9635782,109.7657933,89.86402819,65.01282895,52.60681315,48.75706727,43.18252472,42.2842011,40.71001746,37.60705066,64.3753903
hevc_91_62_6,31.52233756,31.49308931,23.51024693,19.66200821,16.91313706,12.09140695,11.36758689,6.714093647,4.155018912,3.374053646,16.08029791
hevc_91_69_6,8.647062327,8.454113576,8.077759443,7.850619347,6.619642568,6.115282916,5.49855291,5.337224996,4.89706005,4.62252908,6.611984721
hevc_91_76_11,47.37864902,44.12484512,24.32948247,23.32631719,11.19792203,10.58792006,9.011804764,7.372497365,2.954268298,1.781370537,18.20650768
hevc_91_89_19,93.2756604,86.02674452,61.18524524,44.76237528,42.57058079,17.05073471,11.3326549,7.790851286,7.208590788,4.937519186,37.61409571
hevc_92_16_2,1.527506542,1.526503613,1.46108646,1.010084488,0.943020224,0.938332168,0.915303521,0.878205177,0.816826931,0.746312699,1.076318182
hevc_92_24_3,0.766966793,0.662656562,0.61753162,0.560014652,0.548166418,0.519084724,0.41165933,0.401660745,0.377927688,0.35210035,0.521776888
hevc_92_30_3,0.438029934,0.375523313,0.358273561,0.356658918,0.325017226,0.308561458,0.299390301,0.287176385,0.214277357,0.168331321,0.313123977
hevc_92_34_2,3.71518456,3.664030533,3.63998118,3.424710001,3.080812348,2.823962711,2.814458598,2.793839441,2.429817603,1.773838648,3.016063562
hevc_92_50_2,0.043921242,0.043315595,0.038852613,0.033466377,0.033411637,0.031728244,0.0223347,0.021723103,0.020877815,0.020556575,0.03101879
hevc_92_60_2,0.642612846,0.444460319,0.374039128,0.341537489,0.301303959,0.284360287,0.265499472,0.218406659,0.21775133,0.211224138,0.330119563
hevc_92_81_4,0.043473741,0.039090807,0.034422424,0.030828018,0.025941205,0.024760885,0.018838092,0.01619466,0.016163172,0.016089701,0.02658027
hevc_92_87_19,1.035335708,0.900994599,0.890647405,0.871642886,0.746257544,0.714776125,0.67189112,0.666743362,0.550197371,0.467105128,0.751559125
hevc_92_108_3,0.870246091,0.774077028,0.116837373,0.063328807,0.044672463,0.031562453,0.026101303,0.025376554,0.017886357,0.009947575,0.1980036
hevc_92_112_7,2.316517942,2.211016462,2.096986597,1.924071596,1.677127367,1.621892134,1.365197043,1.267057865,1.140277792,1.128781937,1.674892673
hevc_92_128_3,0.01078721,0.010138991,0.010129558,0.010039941,0.009312954,0.009247105,0.008649558,0.008312973,0.008191604,0.007930253,0.009274015
hevc_92_167_2,0.025618405,0.025569564,0.022352076,0.020379233,0.019354508,0.019062765,0.018448066,0.018395115,0.018167317,0.017735893,0.020508294
hevc_92_173_3,0.022287691,0.018886112,0.015115034,0.013017195,0.012450634,0.012024845,0.010126281,0.00923758,0.008634122,0.008597056,0.013037655
hevc_92_212_6,0.064244942,0.058914442,0.045216819,0.038283457,0.033794366,0.028302806,0.024294115,0.020795455,0.020564184,0.020262093,0.035467268
hevc_93_0_19,19.79316528,16.96768659,14.90321879,14.64810831,12.7324155,11.22606256,9.098721608,8.748324455,8.53499637,8.425657662,12.50783571
hevc_93_28_6,23.82258114,21.63758303,21.01609567,19.17359894,19.00051072,18.28692338,17.47189227,16.57433207,16.01142106,14.62065646,18.76155947
hevc_93_52_11,28.68130023,22.05363752,21.94808898,19.11148415,18.41921816,17.94856587,17.34892704,17.26525858,16.20164607,15.87806719,19.48561938
hevc_93_116_27,65.78313277,59.85515328,50.64537953,46.28663389,41.82770092,35.96982055,26.23235033,19.93068792,12.26777624,8.376472494,36.71751079
hevc_93_161_8,1.533804916,1.119098907,1.072203132,0.942493847,0.931238932,0.824918091,0.7526212,0.751360589,0.672562159,0.51681882,0.911712059
hevc_93_170_11,6.922529972,6.511768844,6.266662651,6.209026972,5.33028848,5.182566386,4.503947801,3.596220419,2.945555436,2.659943249,5.012851021
hevc_93_191_16,0.532011776,0.52274284,0.514850127,0.496325049,0.47916705,0.348723783,0.283978985,0.259200507,0.252520563,0.226414038,0.391593472
hevc_93_226_16,6.952358821,6.405649501,6.307723365,6.222619411,6.135830497,5.503890865,5.44816656,5.292761821,4.745472268,4.736386652,5.775085976
hevc_93_256_7,7.555960083,7.166681719,6.821110846,5.265984512,4.420785876,3.856035962,3.664701084,3.574414626,3.06110836,3.009556765,4.839633983
hevc_93_264_8,4.415040887,4.356973432,4.355609974,3.558741982,3.030287421,2.924339044,2.827826772,2.815970543,2.631026536,2.485316425,3.340113302
hevc_95_1_5,1.751155074,1.67474063,1.594898772,0.954386266,0.830122686,0.700951182,0.687441246,0.496189075,0.445114634,0.424767825,0.955976739
hevc_95_11_5,0.954203343,0.926636763,0.894156342,0.871757089,0.527370262,0.525175455,0.449902267,0.418470896,0.234239685,0.189168603,0.59910807
hevc_95_25_4,3.889369735,3.854609579,3.292555671,2.817727109,2.656003692,1.798188913,1.760045347,1.330924711,1.279009099,1.111764879,2.379019874
hevc_95_30_18,1.347992649,1.240587424,1.150920666,1.114579523,1.070755558,0.961789448,0.912474206,0.67705805,0.668013369,0.65860838,0.980277928
hevc_95_49_6,8.405310813,7.837201788,6.880412101,5.266102866,3.344306518,3.267846942,1.281121251,1.208942685,0.271023865,0.270055476,3.803232431
hevc_95_56_5,1.824399071,1.566279268,1.392067329,1.311416532,1.175033235,1.141278595,0.855515881,0.421968146,0.414017434,0.151267696,1.025324319
hevc_95_62_7,50.69935511,37.07271227,33.74894708,27.83379615,18.94757722,13.91119958,13.74737397,13.41373642,12.95909999,12.26401051,23.45978083
hevc_95_84_5,0.882939836,0.711255142,0.67985173,0.603538941,0.578112869,0.44292128,0.360085189,0.324125777,0.291677047,0.25285493,0.512736274
hevc_95_96_5,4.475188663,4.365460497,4.192327965,3.869202909,3.835561007,3.558881603,3.265388812,2.52836745,1.638058588,1.090909695,3.281934719
hevc_95_155_2,8.553994961,6.770672911,6.089623423,6.034654103,5.694388826,5.318870902,4.350125569,4.265200094,3.986937945,3.605557616,5.467002635
hevc_95_179_10,0.996809638,0.737410548,0.629455093,0.536471909,0.483331292,0.479360236,0.350022865,0.349998754,0.312053986,0.243639766,0.511855409
hevc_95_233_3,21.36995039,19.80104061,17.01778743,10.20008899,10.14173897,6.230204316,5.592206891,4.387682704,3.334959926,2.417251676,10.04929119
hevc_95_240_4,4.143301051,3.84715142,3.545379483,3.527103015,3.470738171,3.203551567,2.750271043,2.683104393,2.561787534,2.430669051,3.216305673
hevc_95_266_3,1.08247379,0.613409452,0.252187324,0.205531704,0.171331445,0.144379419,0.125914868,0.098280227,0.06673744,0.064133126,0.28243788
hevc_95_274_6,0.019630159,0.018877607,0.018809938,0.018782688,0.016577406,0.016548474,0.016324417,0.016027848,0.016003079,0.015966163,0.017354778
hevc_95_281_4,2.202858618,2.194493527,2.030620454,1.725446329,1.521067144,1.515309569,1.458805762,1.447834647,1.356237401,1.233717269,1.668639072
hevc_95_292_5,2.384024675,2.370106905,2.352324157,1.802662518,1.681381288,1.497671688,1.477132721,1.412163981,1.201182689,1.126485847,1.730513647
hevc_95_321_6,5.044011927,4.602487247,4.514397572,4.090720529,3.411727993,2.986546878,0.582873869,0.54523362,0.509104757,0.34524426,2.663234865
hevc_95_331_5,14.42827885,14.39565303,13.10708444,12.13134736,11.84628639,9.325161313,8.316741846,8.128990138,6.184455205,4.543835679,10.24078342
hevc_95_359_7,45.33806853,44.31016647,44.16714801,39.27405633,38.49818368,30.02111721,27.46464525,26.82935295,21.65926947,17.70221291,33.52642208
hevc_95_417_8,324.0602453,311.350923,309.1481409,303.8995894,301.1089651,298.8564905,277.8450523,257.7003085,244.5248746,238.8990204,286.739361
hevc_97_6_3,0.007344903,0.006699379,0.006643168,0.006116767,0.005619256,0.005493773,0.005111165,0.004958862,0.004795203,0.004656291,0.005743877
hevc_97_10_7,21.40076891,8.81482938,7.458744477,6.167494917,5.22488922,4.96850559,4.16335541,2.900415849,2.878830435,2.616381494,6.659421568
hevc_97_18_8,11.93546894,10.73781817,8.6539134,6.916154453,6.401371321,5.962689179,4.895394334,4.32633305,3.846066164,3.617793152,6.729300216
hevc_97_30_4,16.52856882,12.98074891,12.70251523,11.56882551,8.428382711,6.658081489,5.733516232,5.304140627,4.95624121,3.993108771,8.885412951
hevc_97_42_5,0.234618837,0.222738492,0.183139968,0.182737763,0.172579215,0.140966533,0.130788536,0.123311146,0.109710483,0.107052349,0.160764332
hevc_97_48_5,0.085073801,0.080017401,0.076965158,0.069636613,0.06703422,0.059815458,0.053797973,0.052387051,0.05109175,0.05060974,0.064642916
hevc_97_54_5,0.004416497,0.004413927,0.004276719,0.00399706,0.003543585,0.003532728,0.00347512,0.003164697,0.003143009,0.003056479,0.003701982
hevc_97_63_10,0.158323932,0.126825791,0.11491341,0.079781225,0.077656535,0.069591792,0.066346152,0.058607015,0.050360641,0.045252051,0.084765854
hevc_97_75_2,0.00281898,0.002811112,0.002762888,0.002749868,0.002641734,0.002574855,0.002434488,0.001941414,0.001931184,0.001901573,0.002456809
hevc_97_79_2,0.013564377,0.012831986,0.010563707,0.00882676,0.008265256,0.006751657,0.005930629,0.005633317,0.005151743,0.004822005,0.008234144
hevc_97_82_4,0.01246487,0.010927917,0.010833764,0.01034844,0.01032612,0.009466018,0.008353285,0.00830192,0.005872897,0.004605289,0.009150052
hevc_97_87_5,0.023595796,0.023023033,0.022884491,0.021862004,0.021089869,0.019788932,0.017954585,0.015520675,0.01526751,0.015215818,0.019620271
hevc_97_101_6,0.011975966,0.010945822,0.010010044,0.009237372,0.008761929,0.008586004,0.008429842,0.008277151,0.007516744,0.006729336,0.009047021
hevc_97_111_3,0.031671228,0.031178258,0.029699295,0.028871413,0.028622282,0.028564821,0.028561031,0.025422757,0.024641164,0.022950863,0.028018311
hevc_97_115_5,0.331772743,0.322194765,0.229385061,0.199977708,0.1701871,0.16587709,0.14203137,0.075440685,0.073359984,0.072252084,0.178247859
hevc_97_121_4,11.82935731,10.9334968,9.258765212,6.953986391,6.82692771,6.524896656,4.471588958,3.059950243,2.090812208,1.820296949,6.377007844
hevc_98_29_4,160.1156591,140.8609288,115.5217157,106.6512865,52.34752311,40.73204644,27.61007602,11.05541964,9.870615619,8.571264844,67.33365358
hevc_98_61_4,328.973757,327.738551,312.9890984,280.7005656,250.5091835,249.1349993,221.9976139,168.2949644,167.4801665,157.1201713,246.4939071
hevc_98_71_5,130.8610856,126.2838455,118.7734489,115.3000783,48.48893217,37.93779074,37.81036931,35.50126733,28.89589147,26.2224302,70.60751395
hevc_98_86_3,23.4911122,21.26398807,20.92561393,19.96056376,19.88565983,19.05501423,17.44199946,13.893035,12.20621196,9.824799111,17.79479976
1,21.85579903,15.9655212,12.41268736,11.76608754,8.611171024,8.434810232,7.928672218,5.710975103,4.021637698,3.566038184,10.02733996
2,63.39501246,55.49609924,54.26304202,43.51319766,35.28292912,35.15493202,23.15626971,21.92873833,16.38537785,15.16357261,36.3739171
3,146.3770268,142.0434454,139.1700872,137.1139977,132.7869458,120.6514795,117.1840814,112.8977018,105.3441687,101.2136677,125.4782602
4,0.13817595,0.125573462,0.120411113,0.114833432,0.111270067,0.060156108,0.049003645,0.045931974,0.042675659,0.03792891,0.084596032
5,0.022087332,0.022066733,0.021712867,0.021469144,0.02134255,0.021134054,0.020528715,0.020478697,0.020307478,0.020285118,0.021141269
6,0.0744583,0.072823245,0.072243625,0.071627181,0.065416322,0.064915711,0.054064085,0.049710439,0.046192264,0.041260978,0.061271215
7,67.23159476,67.11685157,67.06019705,66.01455484,65.5069933,64.64723704,55.9442515,51.39796065,49.53974578,47.46764522,60.19270317
8,0.302184938,0.26143582,0.242407973,0.217854244,0.212009349,0.192645162,0.17333664,0.161668104,0.154587627,0.128471141,0.2046601
9,1.589233869,0.960301849,0.910775675,0.744371025,0.676843193,0.615419295,0.487782919,0.443742186,0.42914573,0.416831338,0.727444708
10,0.05684595,0.054790889,0.04869447,0.040943247,0.038234415,0.036980424,0.035470076,0.032930036,0.032095073,0.029985563,0.040697014
11,34.84347146,26.7615196,18.67883937,16.58245295,15.27434481,12.34683587,12.03207856,10.23489214,9.866940235,9.741419843,16.63627948
12,180.1772589,166.8626075,160.8059152,156.210494,148.4373387,134.9706571,134.1786551,128.123471,90.2638969,73.39345351,137.3423748
13,70.9486867,63.5442633,54.68442054,46.99066297,46.15291706,40.26534636,35.64113854,34.23848478,34.129542,27.56396565,45.41594279
14,0.00414567,0.0040997,0.00390076,0.003498064,0.003388867,0.003346312,0.003109478,0.001980841,0.00035694,0.000345675,0.002817231
15,0.742098749,0.558637967,0.34963428,0.238115387,0.203999617,0.201524192,0.178666202,0.163754959,0.108295989,0.08693775,0.283166509
16,0.297085218,0.262003762,0.137008298,0.111321514,0.108007627,0.082783415,0.056904729,0.053081571,0.041866145,0.037737844,0.118780012
17,81.0893993,38.69407624,29.27884326,27.89543782,22.23742526,19.93349914,15.92546116,13.12385598,11.8495415,10.56388654,27.05914262
18,0.085815187,0.080188862,0.078389099,0.073868428,0.051471164,0.049486061,0.039210312,0.037957424,0.03354059,0.026978156,0.055690528
19,0.47987804,0.470138546,0.415856832,0.350935522,0.329628166,0.319903638,0.299922729,0.276693241,0.149339343,0.126560604,0.321885666
20,0.0813336,0.077376884,0.073280477,0.073272668,0.061602859,0.034321811,0.032782288,0.031981193,0.031862228,0.02998617,0.052780018
21,2.013335771,1.408662621,1.407289933,0.91733622,0.859592734,0.287515646,0.138671726,0.116885055,0.082303621,0.072259762,0.730385309
22,0.051936242,0.044037954,0.04199539,0.037467465,0.031859406,0.025486691,0.024956782,0.024761977,0.024583994,0.020566201,0.03276521
23,4.028421792,3.797387619,3.504590518,3.442709621,3.069646998,2.665853379,1.839104229,1.678792788,1.675363137,1.634761104,2.733663119
24,15.39309815,13.54309289,11.89729656,11.63825236,11.38212879,6.986603205,3.18695943,2.859121217,2.163307845,1.742333085,8.079219353
25,40.17344163,37.43320714,29.95589401,29.68627814,27.34846194,25.58895052,21.87450517,21.57059295,12.22624212,11.46754525,25.73251189
26,43.237617,36.6220238,32.90932082,26.32028765,20.3636562,16.15852289,14.26588948,13.75642261,12.55364053,10.67385684,22.68612378
27,4.301996085,3.886952836,2.026076456,1.91466948,1.907277721,1.421216107,1.182951224,0.992234731,0.917132738,0.863613932,1.941412131
28,0.15467851,0.084470734,0.065757035,0.059236641,0.034222774,0.032748188,0.023078021,0.015485471,0.01346324,0.013312528,0.049645314
29,9.476569476,9.030226679,8.317088875,5.142785339,4.737324145,4.413813844,3.898236751,3.799231995,2.202413962,1.878184402,5.289587547
30,0.593177546,0.582746957,0.561855136,0.456762782,0.385451799,0.354624702,0.301573543,0.288816017,0.254194132,0.2479485,0.402715111
31,0.103429689,0.086101899,0.071435131,0.068512248,0.064358015,0.062309534,0.060225246,0.055215751,0.045455441,0.038242943,0.06552859
32,0.05380832,0.012080084,0.00897866,0.008598624,0.008381134,0.008198796,0.008155699,0.00613714,0.005609078,0.005528837,0.012547637
33,0.004682976,0.004555648,0.004387898,0.003716366,0.003676357,0.003393256,0.003261173,0.00301085,0.00288737,0.002553891,0.003612579
34,0.017285545,0.016955848,0.015372724,0.014864497,0.014691852,0.014650198,0.014435832,0.014191338,0.013903444,0.012385277,0.014873656
35,1.025216274,0.83420914,0.712154204,0.665788441,0.592279448,0.465819731,0.448745639,0.44392908,0.387890071,0.346003911,0.592203594
36,0.306641015,0.03530571,0.030969251,0.023067209,0.022417934,0.02214629,0.022112156,0.018422424,0.016784186,0.011084205,0.050895038
37,8.137509749,7.957528708,5.613976259,4.400520256,4.316650943,4.292800074,4.256961875,4.251766659,4.216198115,4.057108567,5.15010212
38,0.019087072,0.018452909,0.013277383,0.010984427,0.010858503,0.008105395,0.007991916,0.006214573,0.005437511,0.004643186,0.010505288
39,3.404661277,3.392693998,3.344080952,3.218321769,3.119114148,2.849107384,2.523407231,1.729369914,1.50448666,1.358494733,2.644373807
40,0.088528898,0.084353747,0.083248977,0.072672091,0.06933958,0.068705898,0.059249799,0.057078152,0.050371183,0.049538547,0.068308687
41,0.018752891,0.017636557,0.017569382,0.017494248,0.0159662,0.014663169,0.014349258,0.014229545,0.013146745,0.011928071,0.015573607
42,0.16309202,0.111316178,0.106307982,0.103954312,0.053041581,0.052219958,0.050063573,0.031282976,0.026629463,0.026347546,0.072425559
43,0.050753774,0.04987451,0.046474157,0.046040856,0.045910621,0.039529933,0.038274986,0.037987732,0.036952796,0.035535878,0.042733524
44,1.975965515,1.948732243,1.135715325,1.133109532,0.960844034,0.927581422,0.887288686,0.860272251,0.835186909,0.820113799,1.148480971
45,0.040354476,0.037933492,0.037764379,0.027038266,0.025544277,0.022756936,0.022194803,0.020415449,0.018425034,0.017296317,0.026972343
46,19.82984209,15.2352421,14.80718687,14.11409116,13.7912462,12.68610408,9.521691845,9.051507681,8.849544931,8.639711932,12.65261689
47,17.93291742,14.89366657,14.75655634,12.88782219,12.64499437,10.42252324,10.23858626,7.933434624,6.931960038,6.057105451,11.46995665
48,0.005170632,0.004845702,0.004399996,0.004360998,0.00413076,0.004012461,0.003908112,0.003894242,0.003826275,0.003763852,0.004231303
49,0.000497437,0.000302276,0.00023505,0.000162892,0.00015561,4.88E-05,6.10E-06,0,0,0,0.00014082
50,0,0,0,0,0,0,0,0,0,0,0
51,0.302386264,0.209017421,0.177915897,0.14863663,0.131973481,0.125426874,0.095990424,0.090704685,0.084835933,0.083422667,0.145031028
52,25.66668265,23.92929434,17.10113577,14.2132206,13.3584921,12.54806369,11.62332606,8.187858502,7.737641557,7.037696085,14.14034114
53,0.092266183,0.031003516,0.0303588,0.024537709,0.024300967,0.019285238,0.015585463,0.01312845,0.011513284,0.011472041,0.027345165
54,2.779733661,2.586632408,2.273048819,2.145824228,2.077431959,2.061909837,1.782652536,1.58908281,1.550454569,1.137584315,1.998435514
55,0.599769208,0.452904166,0.418251014,0.372550212,0.349797105,0.342314833,0.24726952,0.244594093,0.160632276,0.146078132,0.333416056
56,0.074571043,0.071642175,0.056578785,0.05553502,0.045301315,0.04417198,0.041427646,0.038198632,0.034395878,0.027605039,0.048942751
57,45.78909058,43.63920734,43.01573103,36.96542388,33.77155974,30.90367782,29.36971639,25.26602415,17.8484147,13.2512814,31.9820127
58,45.68200694,42.00554098,39.9859891,38.53235612,36.60025758,35.2177313,33.5827037,30.24424305,21.46230038,20.92260493,34.42357341
59,68.44864194,65.34515909,63.43681122,60.16067566,59.16154869,57.2445258,53.27992196,47.71720781,43.77648304,38.76983965,55.73408149
60,94.53242704,88.43989413,79.69676637,79.5069272,49.97282574,45.79960714,32.92624589,32.3155845,32.23257556,27.58410033,56.30069539
61,20.08990075,15.81232421,13.02771435,12.52522055,11.80633865,11.26414184,9.955501533,9.881039827,9.562870477,9.501793866,12.34268461
62,70.4125933,59.59633051,54.86269803,51.68484995,46.88571396,45.93459162,30.9294318,23.4297138,12.82311468,12.76876539,40.9327803
63,4.30988436,4.207600933,2.648888023,2.553505182,2.056754673,1.977463719,1.494427144,1.231902737,1.112745292,1.056840245,2.265001231
64,8.52064028,7.689050952,7.204408465,5.772268395,5.659230254,5.400067582,4.280795564,2.961301244,2.544349813,2.222242241,5.225435479
65,3.604142762,2.927859888,1.894795451,1.310789264,0.701729473,0.584089306,0.452693482,0.295545457,0.259512543,0.17365802,1.220481565
66,1.018610156,0.871731089,0.853570873,0.826588759,0.727814845,0.721770938,0.63266405,0.384000072,0.378768242,0.3760798,0.679159882
67,0.052485812,0.051666075,0.051171753,0.039160333,0.033508927,0.033156636,0.022370759,0.020648365,0.019609591,0.01854621,0.034232446
68,0.721736637,0.649869202,0.373977804,0.359569479,0.275361723,0.251311326,0.170965807,0.126829449,0.06090822,0.058987587,0.304951723
69,35.49701455,31.03564971,30.7097198,11.2014956,8.895780652,8.470696393,5.426939919,4.366889438,0.159972233,0.096355907,13.58605142
70,82.64245036,69.41851994,66.30286879,63.7427,55.80121668,49.94747765,48.01933068,41.88513525,41.85281688,37.53990679,55.7152423
71,0.215765299,0.205854356,0.162383138,0.160032424,0.158177515,0.155648394,0.155464515,0.142750419,0.116619927,0.110460445,0.158315643
72,1.201423918,0.859386443,0.848900642,0.807656843,0.768008804,0.569246514,0.560977582,0.261340517,0.213351296,0.194304631,0.628459719
73,69.376784,69.20348509,58.43090656,48.29474936,46.45771411,38.93756156,37.50114514,34.99612517,34.72312771,31.44258524,46.93641839
74,37.19884261,36.69882083,31.9581176,30.8089191,17.75002757,14.91166133,12.40064695,11.87662261,10.96270036,9.675447866,21.42418068
75,44.97131674,43.46163568,41.61143487,40.40128381,38.73973135,35.61713394,28.73164682,28.72981859,27.40782271,22.4327449,35.21045694
76,164.0706641,160.8804213,147.0232087,144.4715871,144.0307823,122.3778971,100.4550907,86.92049603,80.37547973,66.71657304,121.73222
77,23.47642271,22.97411668,21.71897442,20.21073344,20.04887408,14.63912591,11.43497053,8.612474304,6.691082541,3.83834359,15.36451182
78,17.77646546,17.52675308,15.17140487,14.22714466,13.9632955,13.64518179,13.04437996,13.04175541,12.58071155,10.803709,14.17808013
79,0.425356545,0.336220578,0.336017682,0.330886112,0.322221581,0.313524358,0.282612263,0.236753477,0.230918428,0.212233247,0.302674427
80,29.12141846,29.03514131,27.52330338,27.34194149,23.81526131,23.55243415,20.41980775,20.00465011,15.80533266,15.14243084,23.17617215
81,104.272971,94.94001577,88.60458428,84.31457653,80.06482565,64.97201994,64.79033003,62.95553406,58.77993737,58.17988885,76.18746835
82,51.26179593,47.26593454,45.29530567,43.95566334,42.50774215,32.85544114,31.23403048,27.43342563,23.68919154,23.54057091,36.90391013
83,16.42844922,14.87145208,13.47259316,10.20613463,9.179186363,8.619841881,8.020316485,7.52820829,7.045928684,6.46889679,10.18410076
84,37.34752073,29.29308322,25.22742952,18.80774216,16.73088271,14.69724878,11.87404381,10.00428249,8.358810026,8.222193251,18.05632367
