Unnamed: 0,mean,mean.1,mean.2,mean.3,mean.4,mean.5
hevc_3_6_6,1320.2783203125,1276.240364583333,1136.272884114583,1449.171223958333,791.48583984375,1004.21982421875
hevc_3_20_8,122.1402669270833,492.7944661458333,156.9841471354167,138.4535807291667,87.77037760416667,138.8384765625
hevc_3_65_8,1601.68349609375,2427.6453125,2480.338834635417,2522.602766927083,2301.81044921875,1975.973046875
hevc_5_17_8,1421.1978125,1187.1525,913.8572916666666,1381.219921875,1198.08921875,1508.02875
hevc_5_26_8,186.317109375,179.1891666666667,173.4046354166667,201.81984375,155.0839322916667,182.5406770833333
hevc_5_35_4,1597.368567708333,1737.973072916667,1734.66140625,1979.495677083333,2016.028307291667,1797.004609375
hevc_5_40_2,1424.899557291667,1565.581822916667,1540.70609375,1548.556770833333,1517.05921875,1451.521380208333
hevc_5_47_3,897.7452604166667,1237.4034375,720.4946354166667,1645.576119791667,1727.168255208333,1793.902265625
hevc_5_56_3,1755.229817708333,2013.372005208333,1834.642135416666,1780.208828125,1979.804036458333,1926.11234375
hevc_5_62_3,2613.911796875,2414.922994791667,2153.549114583333,2347.774296875,2361.569270833334,2822.694375
hevc_5_66_6,2141.306666666666,2291.406927083333,2346.177604166667,2464.970729166667,2339.673489583333,2396.652578125
hevc_5_80_4,399.7238802083333,1367.956380208333,1899.389401041667,1664.806302083333,1784.602369791667,1175.893177083333
hevc_5_85_4,2267.445963541667,2399.1765625,2260.324869791667,2269.689427083334,2051.207552083333,1560.592291666667
hevc_5_92_3,1861.579479166667,1187.577604166667,452.1761458333334,889.1128385416666,1557.927213541667,1325.201927083333
hevc_5_96_20,439.78109375,1082.644791666667,752.3800520833333,641.9722395833332,1014.953411458333,792.8614322916667
hevc_5_117_2,1416.190494791666,1339.566979166667,1549.755755208334,1472.660625,1400.356276041667,1420.553697916667
hevc_5_120_6,1164.746979166667,1461.470234375,967.8716927083334,1548.987786458333,872.4836718749999,613.324375
hevc_5_134_3,893.628359375,1116.285052083334,1133.582786458333,970.8245312500001,693.8233854166667,1094.781822916667
hevc_5_139_4,300.058984375,429.2324479166666,428.0334895833333,911.2654427083332,427.2940364583333,332.179140625
hevc_5_150_5,860.1144791666666,570.56859375,1032.29921875,725.1467447916666,619.152578125,644.530703125
hevc_5_156_2,1517.152239583333,2108.289296875,2259.416197916667,2248.526171875,1641.92265625,1809.458515625
hevc_5_163_26,1347.022135416667,2288.629791666667,2425.52390625,2175.537369791667,2287.844088541667,2326.083046875
hevc_5_190_2,1363.416588541667,2166.583098958333,2291.93484375,2270.439140625,2251.699973958333,2238.636640625
hevc_5_193_4,2367.705885416667,1303.966276041667,1625.95984375,1673.301875,1904.374739583333,2119.120963541667
hevc_5_203_3,1714.507890625,1827.160052083334,1304.599921875,1255.311197916667,844.7029947916667,1161.4284375
hevc_5_211_7,2513.551588541667,2472.544557291666,2711.340234375,2670.828125,2577.701666666667,2697.24453125
hevc_5_224_4,2546.996484375,2600.0565625,2465.029765625,2625.33640625,2642.019166666666,2457.311197916667
hevc_5_232_8,306.5725260416666,651.7755468749999,835.0697395833333,1054.160625,1197.789505208333,805.051796875
hevc_6_20_6,1447.601666666667,2297.742916666667,2226.705442708334,2208.948619791667,2139.368203125,2050.0415625
hevc_6_29_2,1407.610052083333,1268.513776041667,1215.935989583333,1325.458385416667,1421.711484375,1433.737734375
hevc_6_43_3,2383.139583333334,2306.153932291666,2421.545625,1820.273151041667,1936.4209375,1979.27046875
hevc_6_63_3,1762.235651041667,1581.836770833333,1511.610703125,1697.92390625,1246.840520833333,1340.441380208333
hevc_6_75_5,1970.901328125,1988.387734375,2100.275833333333,2310.503489583333,2070.75953125,1337.13671875
hevc_6_102_6,2251.851432291667,2106.508541666667,2334.753177083333,2664.650026041666,2582.192994791667,2504.790833333333
hevc_6_158_3,2064.532734375,2028.584114583334,2053.152473958334,2052.458854166667,2174.753072916667,2133.11328125
hevc_6_179_2,2554.50921875,2560.265651041667,2548.681197916667,2528.660390625,2525.384375,2535.474114583334
hevc_6_182_3,2491.109791666667,2553.509557291667,2575.711979166666,2586.427578125,2651.327057291667,2663.254192708333
hevc_6_263_8,2412.52234375,2467.07734375,2547.495963541667,2596.150703125,2609.364921875,2653.616510416667
hevc_6_327_2,2444.20625,2572.316354166667,2681.354713541667,2591.859427083334,2555.391041666666,2571.41390625
hevc_6_344_4,2475.503072916666,2475.882213541667,2598.7425,1886.755364583334,2410.916796875,2319.518880208333
hevc_8_0_2,816.0126139322916,1286.9033203125,1627.300265842014,2022.811604817708,1661.668538411458,1853.536024305555
hevc_9_1_12,1418.9278125,1224.380338541667,1145.729869791667,1187.9365625,1262.409765625,1257.96875
hevc_12_1_4,2659.779025607639,2734.967366536458,2649.72509765625,2723.308865017361,2808.858968098958,2782.497802734375
hevc_12_6_3,2653.164306640625,3169.888400607639,3025.237955729167,2899.662407769097,2856.207329644097,2777.308159722222
hevc_13_15_3,445.7988541666666,285.671015625,276.1446614583334,382.6659635416667,823.8391145833334,298.226015625
hevc_13_19_3,330.3694791666667,273.1083854166667,270.5606510416667,318.761015625,343.6652604166667,382.4551302083333
hevc_13_30_8,2023.484322916667,2119.007083333333,2066.317604166667,2333.179479166667,1790.092057291667,1510.957083333333
hevc_13_39_3,1352.05390625,1088.137786458333,1670.751197916667,1564.664609375,1725.056744791666,1919.54234375
hevc_13_43_2,1681.39765625,1779.410677083333,1797.126197916667,2012.040572916667,1891.062083333333,1612.13859375
hevc_13_53_5,627.1361458333333,316.75265625,413.2092447916667,250.6,172.9114583333333,247.023046875
hevc_19_0_14,994.8169487847222,561.3228081597222,518.3795572916667,715.8719618055555,863.866455078125,861.609130859375
hevc_19_15_3,1886.941270616319,1898.326877170139,1736.973036024305,1738.196234809028,1546.10923936632,1533.485975477431
hevc_20_9_2,2523.590793185764,2547.874837239583,2502.524495442708,2460.907172309028,2388.371554904514,2450.284613715278
hevc_20_17_2,2340.514919704861,2719.853624131944,2533.214111328125,2672.469753689236,2285.780571831597,2401.544596354167
hevc_20_39_2,1815.395914713542,1771.137017144097,1738.548583984375,1673.393229166667,1487.845323350694,938.8257921006943
hevc_20_74_3,1172.943820529514,1490.27699110243,1191.157633463542,1074.221435546875,1408.12095811632,925.8177897135416
hevc_20_80_3,1210.113037109375,1253.002549913195,1198.356174045139,1469.985107421875,917.2065700954861,1152.364474826389
hevc_20_84_8,1929.160047743055,2073.450954861111,2195.890353732639,2233.086859809028,2245.508843315972,2434.458577473958
hevc_20_93_2,647.1280110677084,599.8544921875,529.8772243923612,456.3447808159722,570.4162055121528,506.3135850694445
hevc_20_99_7,504.1519911024305,942.8154296875,677.4866807725695,699.9029947916667,429.3019476996528,572.4206814236111
hevc_20_110_2,1384.140326605903,1348.302137586806,1288.153564453125,1754.779839409722,1805.977484809028,1640.296196831597
hevc_20_117_5,1024.978190104167,1105.189073350695,1014.769883897569,999.1704915364583,836.7362196180555,974.2826877170138
hevc_20_123_3,1103.522677951389,1118.875379774306,1164.477837456597,1066.854736328125,1044.220893012153,1070.69349500868
hevc_20_127_3,1650.488498263889,1742.692491319445,1713.576687282986,1223.802056206597,1934.022786458333,1616.336317274306
hevc_20_142_4,1564.194851345486,1676.683620876736,1366.451850043403,1716.849717881944,1717.426920572917,1801.171902126736
hevc_20_182_2,2546.109022352431,2548.607096354167,2569.162760416667,2575.110948350694,2582.267062717014,2567.269097222222
hevc_20_199_5,1270.474582248264,1850.522243923611,1760.392985026042,1876.216145833333,1672.383327907986,1270.720052083333
hevc_20_210_3,1847.29833984375,1838.819498697917,2028.852294921875,1991.80455186632,1941.652262369792,1817.382893880208
hevc_20_224_2,2041.093912760417,2016.014702690972,1849.848117404514,2043.309624565972,2074.641682942708,2109.951931423611
hevc_20_228_2,2453.516384548611,2660.298719618056,2668.066460503472,2509.513292100694,2635.2646484375,2482.747884114583
hevc_20_232_2,2502.404947916667,2658.588216145833,2572.980984157986,2624.531982421875,2751.142903645833,2781.052761501736
hevc_20_279_2,2273.464680989583,2429.477674696181,2243.967909071181,2416.039198133681,2272.32359483507,2367.174397786458
hevc_23_9_2,1620.161901041667,1570.956666666666,1600.026041666667,1604.172916666667,1569.277578125,1568.322083333333
hevc_23_27_2,1264.982942708333,1389.569453125,1508.7459375,1280.434244791667,1280.6246875,1322.989375
hevc_23_34_2,2658.927552083333,2649.96859375,2808.527473958333,2704.751848958333,2455.288515625,2474.089791666667
hevc_23_67_2,2762.394817708333,2776.25984375,2750.840234375,2672.064973958333,2812.85796875,2856.806927083333
hevc_23_110_2,2824.456770833333,2898.685598958334,2662.03296875,2833.817369791666,2551.668489583333,2813.652317708334
hevc_23_123_2,3201.196953125,2612.810208333333,2310.742916666667,2983.98,2345.554427083333,2760.124453125
hevc_23_152_3,2559.034791666667,1933.865911458333,2022.690234375,2518.581640625,1584.57546875,2193.029453125
hevc_23_156_3,1822.338932291667,1574.16625,1714.844791666667,1564.966380208333,1668.535572916667,1253.795677083333
hevc_23_163_2,1571.047604166667,1538.214140625,1586.048203125,1627.2396875,1631.547708333333,1610.623125
hevc_23_166_3,851.5414322916668,1114.262135416667,1103.593125,1030.569296875,1113.705208333333,914.7832812499998
hevc_23_173_2,2197.589375,2214.396901041667,2059.028697916667,2106.378776041667,2402.944270833334,2391.49984375
hevc_23_186_4,1630.511223958333,1936.006536458333,1739.079270833333,1869.958151041666,2110.75,2190.441067708333
hevc_23_220_2,2237.56859375,2481.151614583333,2252.911692708333,2195.891927083333,2361.225026041667,2238.245729166666
hevc_23_223_2,1288.216588541667,1142.6946875,2169.655182291667,2149.623463541667,2729.075729166667,2736.535520833333
hevc_23_226_4,1582.700729166667,1408.385911458333,1097.67625,1687.891848958333,988.90109375,2650.6678125
hevc_25_0_21,687.2401041666667,467.309296875,609.9686458333333,360.6077864583334,346.14890625,364.4037239583333
hevc_25_22_10,1819.174375,2014.879973958333,811.9558854166667,1030.215416666667,1051.032682291667,790.7191406250001
hevc_25_34_14,1866.4125,1658.869947916667,1050.101119791667,1178.5259375,982.4826822916666,1281.199296875
hevc_25_49_17,671.2375520833334,258.121875,190.7169791666666,157.591640625,373.3060416666667,584.8383072916666
hevc_25_67_9,95.29203125,150.5692447916667,92.39247395833334,149.9301302083333,520.8745833333334,22.00888020833333
hevc_25_77_2,2033.128541666666,1927.396145833333,2087.55359375,1924.701458333333,2022.411484375,1767.36
hevc_25_81_6,1322.485833333333,1445.838229166667,1387.124036458333,1531.82984375,1436.96953125,1212.272552083333
hevc_25_89_18,405.4035416666666,479.5262499999999,840.2973177083334,839.7391927083333,964.2112500000001,375.4721614583333
hevc_25_108_2,1048.461979166667,1326.351588541667,1377.841640625,1321.798671875,1106.717864583333,1407.086979166667
hevc_25_111_3,1010.218463541667,1233.334427083333,1262.487578125,1296.053359375,1394.189869791667,1053.28703125
hevc_25_115_3,1121.212239583333,893.8422656250001,920.3710156249999,1151.00828125,1145.563697916667,881.7562239583333
hevc_25_119_56,322.4941666666667,243.8202604166667,558.01796875,652.9001302083333,726.604765625,561.8653906249999
hevc_25_176_8,397.3437239583333,421.985,390.4655208333334,575.6072135416666,380.7171875,395.8418489583333
hevc_26_8_6,1647.446940104167,473.74580078125,2764.1173828125,3220.39560546875,3020.756119791667,2861.824055989583
hevc_26_34_7,2343.357096354167,3059.227571614583,2411.4677734375,2664.501692708333,3107.084700520833,1049.6431640625
hevc_28_0_10,3148.2259765625,2401.225130208334,2430.53134765625,2319.968424479167,3246.1845703125,3345.14365234375
hevc_28_10_5,3252.09609375,3347.207552083333,3373.637369791667,3740.276529947917,3681.5052734375,3750.512890625
hevc_28_15_5,3751.783626302084,3746.763997395833,3703.79169921875,3622.7294921875,3655.902083333333,3597.986946614583
hevc_28_25_5,3638.7322265625,3662.310970052083,3688.211783854167,3664.784537760417,3654.595084635416,3687.038639322917
hevc_28_30_6,3700.536490885417,3699.06787109375,3715.846516927083,3734.7302734375,3747.6880859375,3761.16376953125
hevc_28_37_4,3657.299869791666,3692.107389322917,3702.622884114583,3694.369368489583,3710.359244791666,3644.98251953125
hevc_28_41_10,3617.676171875,3653.845833333333,3678.110221354167,3696.792903645834,3712.12783203125,3719.551432291667
hevc_28_51_8,3735.658951822917,3709.674641927083,3697.743815104167,3664.134505208333,3704.166829427083,3129.875748697917
hevc_28_59_11,3754.028125,3046.737662760416,3664.22060546875,3532.992415364583,3487.584407552084,3580.647493489584
hevc_31_3_27,415.6610785590278,106.5121527777778,0.0,0.0,189.9364420572917,0.0
hevc_32_0_12,889.3972330729166,1004.82275390625,605.4018229166667,1689.99296875,596.4520833333333,760.3305013020832
hevc_34_3_9,1072.87158203125,808.4235026041666,889.9774088541667,789.9653645833334,928.7505859375001,1108.75224609375
hevc_34_13_3,2478.435384114583,2282.145345052083,2395.041438802084,2563.035188802083,2246.21220703125,2141.150162760417
hevc_34_50_4,2878.615690104167,1916.77421875,2824.167805989584,2925.409505208333,2663.753483072916,3055.887076822916
hevc_34_65_9,3691.180566406249,3660.36630859375,3650.5212890625,3628.915397135417,3549.194173177083,3418.48017578125
hevc_34_75_18,3334.50927734375,3263.955338541667,3630.898665364583,3592.242122395834,3392.3421875,3429.523990885417
hevc_34_107_4,3278.439485677083,3230.034765625,3489.6572265625,3456.1212890625,3435.828938802083,3454.360546875
hevc_34_180_13,1471.446354166667,973.7755208333333,843.50693359375,656.53232421875,694.7951822916667,927.4931315104166
hevc_34_313_3,2984.073014322917,2889.275944010416,3412.677408854167,3401.976725260417,3350.320084635417,3392.224251302083
hevc_35_0_4,2433.80732421875,3414.379134114583,3311.807649739583,3373.276171875,2738.21689453125,2587.543815104167
hevc_35_5_5,55.59046223958333,150.9835286458333,74.61481119791667,1090.035286458333,512.490625,485.26767578125
hevc_35_70_3,3399.564713541667,3097.093001302083,3097.37646484375,3187.7072265625,3217.938834635417,3258.1369140625
hevc_39_20_3,1593.963333333333,1634.058723958333,1723.819895833333,1740.622526041667,1827.361875,1810.60015625
hevc_39_181_7,922.6169791666667,1274.262135416667,1742.815104166667,1684.983723958333,1041.549479166667,1166.82234375
hevc_41_28_6,2457.198470052083,2653.720865885417,2602.9171875,2585.212044270833,2591.298697916666,2505.12744140625
hevc_41_36_24,3309.481477864583,3236.522688802083,3335.825065104166,3387.6802734375,3480.198372395833,3162.505045572917
hevc_41_76_4,219.5214192708333,218.61181640625,220.1626627604167,217.8809244791667,216.5389322916667,216.0303059895833
hevc_41_136_13,1275.052897135417,918.93388671875,1590.684733072917,325.5544921875,914.63984375,967.3216796874999
hevc_41_150_6,1184.284635416667,1545.10771484375,1218.4486328125,1521.680794270833,734.5211588541667,0.0
hevc_41_182_17,3134.428059895833,2411.059016927083,2830.371061197917,2799.697005208333,2874.356966145833,2656.617122395834
hevc_42_0_5,2987.541959635417,3058.0451171875,2973.439908854167,2843.50732421875,2818.77548828125,3300.954947916667
hevc_42_14_6,248.4008463541667,1070.739388020833,277.9685546875,2470.647721354167,121.82099609375,35.09332682291667
hevc_42_22_6,3283.605696614583,3414.973828125,3112.720084635417,3045.7814453125,3156.003385416666,3164.391471354166
hevc_42_40_3,2060.14072265625,1349.858756510417,1679.011328125,1807.240885416667,1518.72626953125,1345.817545572917
hevc_42_45_4,2916.059016927084,2678.412630208333,2933.546614583333,2529.6333984375,2531.409016927083,3132.840462239583
hevc_42_70_3,2804.053743489583,2732.278157552083,2806.819401041666,2793.134049479167,2667.177213541667,3330.118098958333
hevc_42_102_3,1928.995768229167,2285.16142578125,2360.875553385416,2245.51005859375,1972.528841145833,1865.113704427084
hevc_42_128_5,1608.790625,2031.144010416667,2179.81943359375,2264.921614583333,2548.254654947917,3381.390592447917
hevc_42_155_5,1909.644694010417,1532.798893229167,2057.094466145833,2211.449348958333,2059.001822916667,2173.133235677083
hevc_42_166_3,2765.9453125,2659.291829427083,2659.192317708334,2397.92265625,2392.834635416667,2211.549283854167
hevc_43_6_14,3196.460351562499,3106.076725260416,3332.50087890625,3134.074251302083,2497.77822265625,2425.371419270833
hevc_43_21_39,3155.795833333334,3311.390983072917,3272.202962239583,3028.2474609375,2506.892350260417,2563.140657552083
hevc_43_60_7,2519.938053385416,2665.6951171875,2651.673958333333,3087.538151041666,3535.931705729166,3185.391471354166
hevc_43_89_5,3634.278157552083,3605.558723958333,3526.9390625,3501.318196614583,3575.674381510416,3444.53779296875
hevc_43_99_5,2728.825618489584,2837.585481770833,2808.778873697916,3384.61416015625,3128.25126953125,3050.84248046875
hevc_43_110_4,3244.304915364583,3401.579231770833,3213.520182291667,3276.77724609375,3371.419921875,3427.198209635417
hevc_43_115_8,3657.825716145833,3697.165104166666,3721.9181640625,3648.871484375,3395.346744791667,2949.010286458333
hevc_43_152_3,2338.697884114583,2437.854134114583,2873.6447265625,2741.416764322917,3373.403971354167,3238.22978515625
hevc_43_157_4,3202.717350260416,3304.328483072917,3409.855045572916,3140.93974609375,3409.873665364584,3272.27841796875
hevc_43_162_4,2616.39892578125,2550.9009765625,2455.432259114584,2747.475065104166,2980.292805989583,3217.218294270833
hevc_43_170_3,2882.045442708333,2779.959407552084,2728.17373046875,2531.372200520834,2369.612727864584,2303.966927083333
hevc_43_174_4,2858.438899739584,2980.11376953125,2283.960286458333,2741.731770833333,2871.36650390625,3036.715592447917
hevc_43_179_4,2967.556640625,2979.956803385417,2872.73369140625,2841.21748046875,3072.784147135417,2990.45205078125
hevc_43_184_5,3104.825130208334,3310.36201171875,3309.878841145834,3345.848502604166,3439.977213541667,3448.142805989583
hevc_43_190_4,2311.074153645833,2473.505143229167,2568.589029947917,2671.637565104167,2674.566471354166,2775.2076171875
hevc_43_208_7,3226.722135416667,3198.11875,3460.170572916667,3452.73388671875,3471.7998046875,3908.4064453125
hevc_46_6_3,470.1242947048611,451.5064832899305,286.1882595486111,256.4080674913195,548.05078125,728.2831488715278
hevc_46_10_29,2664.613579644098,2143.216959635417,1983.327690972222,1440.112413194444,1647.104871961806,1121.009250217014
hevc_46_40_6,881.8484700520833,735.4891221788196,668.111572265625,1135.058512369792,377.4225260416667,298.7987738715278
hevc_46_47_36,1149.296088324653,2801.433756510417,2720.883761935764,3027.997748480903,2216.627034505208,2538.094645182292
hevc_48_23_17,1733.814947916667,896.94359375,1763.711770833333,1652.19078125,1579.728697916667,1017.846432291667
hevc_48_43_9,2086.207864583334,2045.459635416667,1892.733307291667,1850.047578125,1861.800546875,1931.123020833333
hevc_48_52_9,1994.500651041667,2131.53171875,2139.89953125,1921.822135416667,1548.905,1478.863177083334
hevc_48_62_4,1915.73234375,1814.154973958333,1704.550807291667,1701.660234375,1821.093359375,1078.866875
hevc_48_71_2,208.7828125,642.6819531250001,525.608046875,505.1945052083333,533.279921875,603.993828125
hevc_48_74_2,1166.73359375,976.1625,1155.179505208333,1149.279166666667,523.9025260416666,1162.7396875
hevc_48_77_3,1378.045677083333,1242.195104166667,1677.309140625,1417.432578125,1746.760651041667,1632.235885416666
hevc_48_81_10,309.325703125,596.2196614583333,291.516015625,240.5474739583333,288.08796875,478.488046875
hevc_48_92_4,1233.820260416667,786.4418489583334,981.0444270833334,997.5889322916667,1013.375963541667,406.134921875
hevc_48_97_3,614.6230729166666,765.6081770833334,635.178203125,949.1788802083333,675.5852083333333,730.463125
hevc_48_101_4,2165.104505208334,2049.41109375,1873.6196875,1859.532213541667,1756.939635416667,1993.2396875
hevc_48_106_5,1873.677161458333,1913.637578125,1887.452994791666,1923.361744791667,1816.850364583333,1775.055130208333
hevc_48_121_3,912.0087760416667,420.04015625,941.4719270833333,1045.862213541667,1558.205208333333,1285.331276041667
hevc_48_125_3,1216.670494791667,1457.284192708333,1279.217578125,1254.954739583333,1116.145078125,1379.770364583334
hevc_48_129_3,1896.877630208334,1975.640677083333,2027.882213541667,2063.271171875,2018.512057291667,2064.454765625
hevc_48_136_3,1942.477239583334,1962.604869791667,1972.107760416667,1945.114947916667,1939.728411458333,1959.629635416667
hevc_48_143_2,1462.975651041667,1268.896380208333,1328.518697916666,933.26890625,1092.441822916667,678.769921875
hevc_48_146_5,1769.010494791667,1546.806744791666,1702.50328125,1965.553515625,1962.512213541667,1988.663880208333
hevc_48_168_12,1933.827838541667,1829.171171875,1696.499166666666,1775.70984375,1942.930833333333,1946.497890625
hevc_48_181_4,2052.94890625,2086.968359375,2098.126380208334,2103.127630208333,2093.26359375,2120.052005208333
hevc_48_213_4,1047.762526041667,1185.181901041667,815.5428645833333,1089.677057291667,1309.336640625,1200.935390625
hevc_48_224_5,1288.275078125,1570.413723958333,1608.702838541667,1804.971510416667,1821.2075,1791.081354166667
hevc_48_235_3,1528.865625,1466.284739583333,1576.804270833333,1563.743177083333,1439.862786458333,1458.324036458333
hevc_48_252_2,1326.207760416667,1412.127213541667,1481.644505208334,1431.044635416667,1372.227005208334,1366.910104166667
hevc_48_259_6,1890.758671875,1716.930494791667,1669.320703125,1702.275078125,1683.915,1653.674947916667
hevc_48_272_4,2128.311588541666,2146.065104166667,2146.698489583333,2141.774609375,2055.679375,2107.092395833333
hevc_48_302_3,2028.65390625,1966.354921875,1943.586692708333,1886.794791666667,1758.610338541667,1376.347421875
hevc_48_317_11,246.9442447916666,935.0603125,1260.522942708333,1277.458072916667,1437.290078125,1188.773671875
hevc_48_334_2,1506.396171875,1466.910364583333,1524.779375,1519.10046875,1520.189453125,1481.968463541667
hevc_48_343_9,1901.22296875,2106.06828125,2131.722604166666,2111.895963541667,2095.387526041667,1400.714088541667
hevc_50_0_9,3341.822591145833,4074.630989583333,3527.931705729166,3685.98671875,3741.523763020833,3947.474479166667
hevc_50_11_6,3820.310286458333,3813.160091145834,4655.046158854166,4662.695833333333,3642.505338541667,3903.880338541667
hevc_50_19_2,3654.170182291667,3841.901497395833,5287.150260416667,3390.286458333333,3348.181575520834,3297.416015625
hevc_50_29_4,4229.895833333333,4930.889973958333,4254.065690104167,3534.2314453125,4113.13671875,4625.948828125
hevc_50_34_2,3822.193424479166,4600.491015625,3771.663541666666,3553.167903645834,3484.736328125,3632.851041666667
hevc_50_38_2,3392.897786458333,3303.800520833333,2733.6181640625,3073.152799479167,3123.8203125,3079.7478515625
hevc_50_41_5,4310.1955078125,4047.035742187501,3884.736067708333,3927.145182291667,4197.642838541667,4166.645247395833
hevc_50_53_11,2107.277473958333,4027.243424479167,3916.684635416667,3926.149674479167,4082.289453125,5905.469791666666
hevc_50_72_5,4485.252018229166,3702.164973958334,4051.0671875,5373.64296875,3816.3794921875,5393.966015624999
hevc_50_83_2,4377.1623046875,4643.953320312501,4230.5087890625,4462.0669921875,4965.041276041667,4673.6591796875
hevc_50_86_8,3116.830989583334,3794.586458333334,3517.093359375,3708.3109375,3779.291015625,4003.616276041666
hevc_54_4_3,1303.762234157986,1377.899522569445,1230.270670572917,1151.429741753472,1095.811469184028,1159.963189019097
hevc_54_15_2,2029.59814453125,1361.083902994792,1419.433024088542,1978.165445963542,1492.450575086806,1296.924858940972
hevc_54_18_3,2018.807345920139,2414.849446614583,2469.29296875,2512.780490451389,2301.919080946181,2271.509602864583
hevc_54_31_6,2718.591769748264,2366.045789930556,2409.492784288194,2063.285536024306,2027.241590711806,2575.040310329861
hevc_54_41_8,1764.32373046875,2333.238362630208,2128.856065538194,1994.633355034722,2127.385362413194,2392.745442708333
hevc_54_56_5,736.0620388454861,1318.641384548611,1076.913764105903,1034.698269314236,986.8487413194442,1053.942111545139
hevc_54_84_3,966.2707790798611,1762.941704644097,803.7855902777777,1168.87109375,915.2720811631945,1389.595865885417
hevc_54_110_7,1498.475043402778,1293.457004123264,1274.452473958333,1601.762396918403,1028.392333984375,1839.756998697917
hevc_54_122_6,1056.228705512153,1251.371012369792,1298.270724826389,1685.761203342014,1045.38525390625,1196.648193359375
hevc_54_139_3,1199.695393880208,1482.389675564236,1501.543158637153,1803.349148220486,1390.384141710069,1437.481119791667
hevc_54_143_3,610.4881998697917,481.9080674913194,546.4712185329861,548.7105577256945,946.140625,940.7773708767361
hevc_55_0_2,2866.392057291667,2783.210416666666,5434.731510416666,4319.238020833333,4634.051171875,4197.400130208333
hevc_55_4_1,4365.8447265625,4207.175651041666,4201.233138020833,4535.228450520834,4288.97109375,4807.916601562501
hevc_55_6_2,3988.273177083333,3461.53984375,5352.279817708333,3197.079231770833,4420.861002604166,3011.2103515625
hevc_55_9_2,2049.8044921875,2469.024479166667,2747.178450520833,3516.9861328125,2988.549348958333,1793.24609375
hevc_55_14_1,5179.699088541666,4574.108203124999,3491.394401041667,4383.573958333333,6069.299088541667,4881.357877604166
hevc_55_19_1,3882.843880208333,3041.022591145833,4193.012239583333,4934.275260416667,4772.988671875,4642.057161458333
hevc_55_22_3,2053.427018229167,1953.052994791667,1672.759830729167,1744.912239583333,2503.0953125,2333.7845703125
hevc_55_26_1,5550.698893229167,5520.652083333332,4773.248893229166,4565.3814453125,5297.506445312501,6547.571484374999
hevc_55_28_2,7150.5779296875,3483.7623046875,4681.260481770833,4696.370247395833,4595.745638020833,3441.749283854167
hevc_56_13_2,2826.23453125,2806.620911458333,2804.105546875,2727.798307291667,2741.307630208333,2765.316614583333
hevc_56_16_2,3025.234869791667,2952.271458333334,2996.196666666667,2972.869635416667,2948.3653125,2965.33078125
hevc_56_19_3,573.8125260416666,630.685859375,842.8864322916668,706.0643229166667,777.6813020833333,754.5742708333332
hevc_56_23_2,2839.614609375,2785.576666666666,2881.14765625,2878.440963541667,2870.615729166667,2888.027864583333
hevc_56_27_2,2999.485364583333,2823.436458333333,2833.31375,2524.530260416666,2455.737786458333,2735.945182291667
hevc_56_31_2,2854.952734375,2880.551380208333,2841.503541666666,2795.524479166666,2870.095078125,2771.22640625
hevc_56_39_2,2633.53609375,2819.301875,2607.762447916667,2420.967526041667,2769.890286458333,2735.853776041667
hevc_56_41_2,3076.955494791667,2949.505755208333,2929.54265625,2992.625494791667,2984.243489583333,2970.051666666667
hevc_56_44_2,2847.613463541667,2904.395078125,2827.444348958334,2715.058411458333,2448.78296875,2681.841901041666
hevc_56_46_2,2635.727473958334,2553.473723958333,2689.709505208334,2700.089479166667,2851.637942708333,2860.496953125
hevc_56_56_2,2658.119401041667,2279.37625,2547.57015625,2763.614036458333,2673.589348958333,2617.184453125
hevc_56_58_2,2732.910338541667,2520.770338541667,2572.405494791667,2708.537213541666,2829.296067708334,2877.2703125
hevc_56_61_2,2756.569765624999,2638.4696875,2880.529322916666,2945.664635416667,2914.152369791667,2887.550598958333
hevc_56_67_2,2944.66484375,2899.825625,2915.778151041667,2948.112161458334,2830.022708333333,2792.559322916667
hevc_56_70_2,3030.27984375,2703.938619791666,2843.725859375,2846.446458333333,2650.403932291666,2485.761276041667
hevc_56_73_3,2711.168307291667,2679.219635416667,2778.09265625,2843.682083333333,2800.781432291667,2812.312760416667
hevc_56_80_2,2367.839401041667,2881.997838541667,2901.067109375,2844.054765625,2691.359921875,2828.279609375
hevc_56_86_3,2773.021927083334,2691.1575,2867.709192708334,2558.938151041667,2511.297578125,2721.592552083333
hevc_56_90_6,2870.681328125,2576.159322916666,2789.42578125,2992.839010416666,2813.889765625,2921.20984375
hevc_57_6_4,1298.095572916667,1448.141796875,1374.25328125,1422.820260416667,1442.278723958333,1486.163567708333
hevc_57_11_4,2828.697005208333,2828.338776041667,2840.13734375,2860.636223958333,2870.758828125,2879.359921875
hevc_57_16_4,1869.127916666666,1903.313958333333,1868.78890625,1617.58328125,1667.288177083333,1654.718411458333
hevc_57_21_4,2499.56984375,2642.671588541667,2664.926744791667,2657.821692708333,2625.157682291667,2671.478098958333
hevc_57_26_4,2223.400182291667,2330.138645833334,1705.343515625,1866.348932291666,1809.08046875,1989.01
hevc_57_31_5,2621.156848958333,2623.228307291667,2673.886536458333,2683.778203125,2737.960729166666,2726.626770833333
hevc_57_36_5,2234.079427083333,2357.806354166667,2351.857864583333,2467.945078125,2539.430520833333,2385.969895833333
hevc_57_42_4,1888.6628125,1947.72015625,2004.891666666667,1979.371484375,2109.060338541667,2155.627682291667
hevc_57_47_9,2588.108880208333,2465.040260416667,2350.14671875,2364.550989583333,2362.056666666667,2357.834713541667
hevc_57_57_4,2050.946744791667,2140.928489583333,2017.712994791667,1862.316510416666,1964.067864583333,1936.005625
hevc_57_62_5,2837.259921875,2811.796197916667,2833.742526041667,2759.545885416666,2776.260416666667,2594.609635416667
hevc_57_67_5,2534.85328125,2795.985729166667,2668.958567708333,2374.348619791666,2307.469869791667,2167.402630208333
hevc_57_73_4,2480.277369791667,2564.942161458333,2493.735755208333,2540.53265625,2617.722369791667,2489.754453125001
hevc_57_78_4,2505.65734375,2414.077526041667,2588.688697916667,2608.2834375,2372.50140625,2511.316901041667
hevc_57_83_4,2211.896927083333,2244.365182291667,2390.270026041667,2415.013046875,2342.346015625,2362.080598958334
hevc_57_88_4,2600.432239583333,2563.288125,2557.413072916667,2542.373307291667,2566.269166666667,2486.357473958333
hevc_57_93_5,1576.821666666667,1600.58796875,1544.445625,1536.087604166667,1566.050338541667,1475.708541666667
hevc_58_3_2,2712.292561848958,2754.1533203125,2778.726996527778,2823.753200954861,2831.802056206597,2861.657904730903
hevc_58_8_2,2445.15638563368,1778.538547092014,2433.819851345486,2511.056613498264,2032.388644748264,1917.013671875
hevc_58_12_2,1174.370334201389,1932.828070746528,1672.26673719618,1538.32505967882,1656.85560438368,1606.964382595486
hevc_58_23_2,1559.563449435764,1894.037353515625,2308.175754123264,2592.519992404514,2570.088840060764,2935.783799913194
hevc_58_28_2,2249.665934244792,1559.588677300347,1465.268798828125,1632.515923394097,1480.744845920139,1390.402859157986
hevc_58_32_2,2361.168402777778,2229.889051649306,2392.083089192708,2361.3828125,2276.734809027778,2256.1396484375
hevc_58_43_2,1411.983913845486,1729.199896918403,1702.800482855903,1791.678412543403,1745.407389322917,1757.660970052083
hevc_58_51_2,1851.145073784722,1798.213731553819,1809.100830078125,1789.061821831597,1825.437581380208,1731.862358940972
hevc_58_75_5,2834.650607638889,2684.613850911458,2721.378499348958,2693.271674262152,2683.270751953125,2597.739935980903
hevc_58_100_3,3091.362820095486,3132.905815972223,3076.906358506944,3136.166259765625,3101.129231770833,3011.486843532986
hevc_58_134_3,1423.746283637153,1819.626057942708,2734.799072265625,2777.299533420139,2380.431342230903,2129.574978298611
hevc_58_149_2,2126.265570746527,2445.402208116319,2617.295871310764,2677.991021050347,2784.536376953125,2828.988905164931
hevc_58_157_3,2817.021484375,2746.721896701389,2636.300265842014,2818.649495442708,2668.501139322917,2728.318440755208
hevc_58_168_4,1308.340386284722,1222.870415581597,1633.058078342014,1764.461263020833,1507.215115017361,1350.32093641493
hevc_58_178_3,2824.654812282986,2841.70383029514,2831.940266927083,2781.841769748264,2605.904649522569,2725.439968532986
hevc_58_193_2,2388.324679904514,2493.138129340278,2509.506537543403,2572.360785590278,2414.604465060764,2701.341932508681
hevc_58_196_2,2530.106309678819,2443.346082899306,2224.674452039931,2422.972439236111,2408.036648220486,2533.978298611111
hevc_58_198_2,2550.926649305556,2489.597276475695,2684.843777126736,2618.335042317708,2564.309217664931,2764.403917100694
hevc_58_212_2,651.9111056857639,523.3413357204861,1130.194363064236,1380.449896918403,1007.305582682292,1570.201877170139
hevc_58_228_2,1625.060411241319,1838.707383897569,1829.2998046875,1817.875596788194,1654.111897786458,1857.087673611111
hevc_59_5_2,1884.734609375,1808.0703125,2087.58109375,1983.881067708333,1836.5478125,1611.294921875
hevc_59_7_2,1464.237421875,1874.117630208333,1818.502682291667,1935.693854166667,1999.493854166667,1772.912135416666
hevc_59_19_2,1717.008125,1821.51078125,1601.611770833333,1763.518072916667,1739.8759375,1612.754479166667
hevc_59_49_2,2040.280338541667,2113.508072916667,2150.747161458334,2091.336119791667,1856.575052083334,2088.454166666666
hevc_59_54_3,1529.119661458333,1327.619791666667,1430.390286458333,1275.701380208333,1820.831432291666,1189.849557291667
hevc_59_61_2,1311.364270833333,1902.315520833333,1553.003697916667,1672.554166666667,1613.707473958334,1872.086770833333
hevc_59_99_3,923.8416666666667,1489.756692708334,1075.314088541667,1175.675546875,1285.875755208333,975.2885677083334
hevc_59_106_3,2436.472890625,2479.741588541667,2383.309427083334,2503.29375,2581.002734375,2746.780598958333
hevc_59_126_2,1612.997604166666,1809.01046875,1750.678072916667,1868.52640625,1848.161614583333,1733.575078125
hevc_59_181_2,2814.897473958334,2791.729375,3234.2628125,2674.006328125,2746.946614583333,2754.925364583333
hevc_59_191_4,2138.374609375,1953.469296875,2357.571119791667,2168.223411458333,2101.410677083333,1813.165651041667
hevc_59_203_3,2263.7175,2355.665234375,2421.323463541667,2396.02015625,2350.559348958333,2383.879322916667
hevc_59_216_3,2187.262161458333,2019.819817708333,1947.701666666667,2142.271145833333,2204.345963541667,2254.79375
hevc_59_230_6,2020.710026041667,2046.103776041667,2096.902838541667,1907.010807291666,1861.26796875,2114.119192708334
hevc_60_8_4,2985.136637369792,2937.214979383681,3020.489827473958,2984.617567274306,2944.803114149305,3000.827365451389
hevc_60_13_2,2780.669704861111,2912.4462890625,2757.213080512153,2688.060167100694,2808.403076171875,2641.020399305556
hevc_60_20_2,2126.439534505208,2411.072238498264,2235.254909939236,2653.942138671875,2208.767062717014,2233.31787109375
hevc_60_29_3,2574.048909505208,2169.874186197917,2171.953884548611,2146.695068359375,2294.618869357639,2350.136176215278
hevc_60_39_2,522.2036404079861,1337.42787000868,1717.775200737847,1664.286024305555,1079.977077907986,728.4854600694446
hevc_60_49_3,2266.524712456597,2593.873426649306,2406.201171875,2334.999945746528,2389.735785590278,2421.072862413194
hevc_60_53_2,893.9574652777777,1639.533528645833,1721.974663628472,1650.477973090278,1637.097710503472,1559.83433702257
hevc_60_61_3,2640.201388888889,2554.305935329861,2585.674587673611,2676.94140625,2705.869330512152,2609.030409071181
hevc_60_65_2,2791.382975260417,2831.149169921875,2995.148166232639,2960.436225043402,2651.97802734375,2795.746392144098
hevc_60_74_2,2931.017795138889,3014.160617404514,3042.167860243056,3032.889892578125,2996.929524739583,2978.528293185764
hevc_60_82_2,2786.007134331597,2569.473470052083,2567.916232638889,2556.068060980903,2539.616102430556,2591.609076605903
hevc_60_98_4,1929.915825737847,2205.192003038194,2232.852077907986,2244.082085503472,2337.008083767361,2417.165147569444
hevc_60_102_4,1183.080593532986,2086.35791015625,1596.266357421875,2138.186116536458,2429.8583984375,1789.461968315972
hevc_60_106_3,2617.785942925347,2807.831841362847,2812.583658854166,2537.539794921875,2452.827962239583,2394.268636067708
hevc_60_112_3,1939.930040147569,1462.582600911458,1516.18861219618,1335.904893663194,1304.259928385417,1442.724229600694
hevc_60_119_2,2768.12953016493,2831.191107855903,2827.344563802083,2913.43115234375,2889.794949001736,2815.724310980903
hevc_60_122_4,2848.004855685764,2860.283610026042,2719.9873046875,2919.97007921007,3030.017768012152,2666.998942057292
hevc_60_133_2,2132.614556206597,2089.168348524306,2084.052110460069,2048.996256510417,2011.91845703125,2095.656792534722
hevc_60_137_4,1753.927137586805,1862.419135199653,1944.978000217014,1964.496961805556,1787.357150607639,1702.28955078125
hevc_60_142_3,1147.983642578125,2035.442138671875,1264.507893880208,753.3330620659722,431.6369086371528,2176.703287760417
hevc_60_151_3,756.2737087673611,1454.091824001736,1432.032986111111,1243.799614800347,1397.633490668403,1613.192057291667
hevc_60_171_2,2544.646077473958,2503.179389105903,2689.511935763889,2624.281168619792,2724.392388237847,2781.531575520833
hevc_60_176_2,1843.464219835069,978.4151746961807,979.2601996527778,1109.937174479167,1222.769558376736,1112.774793836805
hevc_60_185_2,1862.267415364583,1639.202962239583,1614.555311414931,1226.912000868056,2135.025689019097,2616.416286892361
hevc_60_195_2,453.0649142795139,538.3927408854167,1234.223714192708,1742.215060763889,2073.012858072917,2131.820610894097
hevc_60_198_2,2718.665391710069,2784.65736219618,2826.911865234375,2863.358154296875,2921.211724175347,2855.123046875
hevc_60_205_2,1080.61119249132,887.9220920138889,760.3169487847222,842.4614529079862,798.20654296875,832.9632161458333
hevc_60_217_3,2897.577772352431,3084.243245442708,3104.688639322917,3051.952256944445,3054.288492838542,3018.904703776042
hevc_60_222_2,723.1024848090278,1322.838053385417,1372.547254774306,1940.597764756944,1473.768717447917,1461.659125434028
hevc_60_226_2,1550.310655381944,1779.169813368055,1681.167643229167,1680.983588324653,1785.581108940972,1496.688585069444
hevc_60_236_4,2390.898383246527,2389.872043185764,2299.419053819444,2357.842420789931,2707.570014105903,2440.437038845486
hevc_61_10_10,2001.124050564236,2150.190266927083,2279.654568142361,2455.168918185764,2562.762776692708,2873.522677951389
hevc_61_23_8,2428.27197265625,1874.464870876736,2288.942355685764,2007.474012586806,2488.639702690973,2467.237521701389
hevc_61_52_25,431.4457736545139,576.3406032986111,673.8219401041667,307.2820095486111,478.2041286892361,170.4530707465278
hevc_61_90_40,2768.167154947917,2736.974310980903,2426.489529079861,2586.150336371527,2434.548855251736,2692.192464192708
hevc_61_133_4,812.0904405381943,869.9994574652778,543.8046603732639,644.1788736979167,645.8499348958334,536.1663140190973
hevc_61_162_17,2320.430989583333,2238.785319010417,1003.878553602431,963.76318359375,1078.746310763889,1367.3583984375
hevc_61_196_5,1640.705512152778,1589.4853515625,1384.365858289931,1181.093180338542,1352.607096354167,882.1923014322916
hevc_61_245_4,461.5092230902778,628.45068359375,883.340576171875,630.0055609809027,517.6543240017361,580.7279730902778
hevc_61_260_6,419.3743489583333,888.2472601996528,838.3797471788195,918.6380208333333,990.0815700954861,354.0106879340278
hevc_61_267_10,2163.189860026042,2365.282145182292,2369.564507378472,2251.287543402778,523.5232476128473,530.5486111111111
hevc_61_279_15,508.6829427083334,827.8658854166666,789.4627549913196,679.7349989149305,1101.162217881944,468.0186631944445
hevc_61_326_4,1962.46986219618,1733.698323567708,2047.530626085069,1932.113986545139,1697.968587239583,1633.200466579861
hevc_61_343_23,1358.23130967882,1815.761474609375,1288.410753038194,1687.201443142361,870.6239691840277,2205.156439887153
hevc_61_385_35,2425.881646050347,2318.677381727431,2403.520887586806,2373.857720269097,2459.521050347222,1989.537326388889
hevc_61_430_28,1531.228976779514,2027.150933159722,1979.010009765625,1930.186008029514,1639.15394422743,1610.503607855903
hevc_61_489_27,2462.781114366319,2512.755723741319,2469.104790581597,2417.322401258681,2478.315131293403,1977.704725477431
hevc_61_524_51,2169.207112630208,2166.485432942708,2059.875840928819,1894.795464409722,2138.659776475694,2350.728569878472
hevc_61_589_48,195.6141764322917,126.8633083767361,143.9049207899305,199.4355740017361,290.2711046006944,310.7373318142361
hevc_61_724_28,1687.084445529514,1537.224365234375,708.7926161024307,748.2711317274305,435.8209364149305,903.8580729166667
hevc_61_890_12,2233.219156901042,2324.044596354167,2256.197916666667,2588.506130642361,2125.6552734375,2349.784396701389
hevc_63_7_20,1462.727994791667,1779.71806640625,1466.822916666667,1598.923046875,1588.418977864583,1912.650716145833
hevc_63_60_2,2971.8298828125,3056.229850260417,2996.157194010416,2661.28125,2899.57314453125,2711.126627604167
hevc_63_80_6,1573.7416015625,2194.2376953125,1825.167252604167,2597.940104166667,2273.089225260417,2251.163997395833
hevc_67_0_3,0.0,2477.947048611111,2757.852620442708,2899.041124131945,2858.755669487847,2830.230523003473
hevc_67_4_2,2960.56201171875,2949.856391059028,2975.487358940972,2921.374837239583,2847.603298611111,2816.608371310764
hevc_67_11_3,2893.421278211806,2791.229166666667,2681.167100694444,2851.731146918403,1861.765245225695,2508.959038628472
hevc_68_3_4,745.0196874999999,708.33703125,40.62299479166667,475.7992447916667,6.399609375000001,0.0
hevc_68_37_4,1606.327317708333,1643.934765625,1629.629661458333,1423.489140625,1504.662317708333,1411.258802083333
hevc_68_61_11,1192.591145833333,1919.118854166667,1823.534140625,1371.89578125,1231.597317708333,1617.23765625
hevc_68_80_3,1248.808046875,1174.4503125,1286.818463541667,1224.674947916667,1551.007239583333,1633.248932291667
hevc_68_136_7,812.5610156250001,628.9919270833334,911.6476041666667,902.27734375,769.622578125,899.8453125000001
hevc_70_1_4,2456.300598958333,2555.715338541667,2529.343932291667,2510.159739583333,2586.42359375,2697.870416666667
hevc_70_6_3,2851.927942708333,2848.524427083333,2815.712317708334,2797.834635416667,2801.541171875,2821.923229166666
hevc_70_9_3,2723.159609375,2780.327161458334,2932.49171875,2905.28671875,2831.938385416667,2885.965807291666
hevc_70_12_3,2918.79484375,2681.348307291667,2740.226015625,2703.509869791667,2725.399921875,2933.219505208333
hevc_70_15_4,3092.312864583333,2791.323098958334,2775.062864583334,2728.555989583333,2814.833828125,2805.91734375
hevc_70_30_5,2640.753177083334,2722.632864583333,2759.390651041667,2788.486848958333,2815.464739583334,2836.008541666667
hevc_70_69_6,1574.938932291667,1606.432838541667,1591.869375,1551.207109375,2081.051458333333,2288.867447916667
hevc_71_2_4,3218.095768229167,3253.862076822917,3382.360872395834,3164.720475260417,3241.537434895833,3318.21015625
hevc_71_17_15,533.1214192708334,6.9525390625,11.55989583333333,547.9991536458333,579.8912760416667,10.77692057291667
hevc_71_34_8,2183.31455078125,2736.49609375,3027.1052734375,3004.912825520833,2341.115690104167,3337.915657552083
hevc_71_43_3,2220.40712890625,2329.9828125,2114.45419921875,2274.954361979167,1954.103157552083,2819.289420572917
hevc_71_47_4,2656.738053385417,3294.184928385417,3296.6958984375,3235.215885416666,3369.416569010416,3178.237630208333
hevc_71_61_10,3425.22041015625,3425.09228515625,2944.966731770834,3481.895117187501,3408.49912109375,3242.88388671875
hevc_71_90_3,3111.693294270833,3064.171223958333,2860.35498046875,2879.802897135417,2462.36513671875,2434.840299479167
hevc_71_95_3,3253.3185546875,3529.451627604167,3674.1408203125,3647.480501302083,3562.385709635417,3399.474967447917
hevc_71_99_4,3087.87275390625,3154.6466796875,3444.615201822917,3394.865625,3452.145735677083,3364.00234375
hevc_71_108_4,2455.711783854166,2442.698665364584,2415.007845052083,1847.690657552083,2480.256282552084,2470.364485677083
hevc_71_164_4,2488.764485677083,2720.571126302083,3201.73916015625,2985.07490234375,2845.548795572917,3021.47568359375
hevc_71_185_3,3624.680794270833,3580.793033854167,3591.54169921875,3714.699576822916,3614.84052734375,2967.733268229167
hevc_71_189_3,3433.926855468751,3450.746061197917,3510.165266927083,3493.72509765625,3462.603125,3436.736588541667
hevc_71_193_2,2680.793229166667,2363.721712239584,2729.248274739583,3002.294791666667,2337.098502604166,3289.518522135417
hevc_71_197_7,2484.948502604167,2124.893522135416,1832.375065104167,2320.215592447917,2494.263932291667,2529.618489583333
hevc_71_205_4,3434.205696614583,3279.847981770833,2582.756022135417,2808.512662760417,3175.0357421875,3047.468294270833
hevc_71_210_3,3469.811002604167,3390.291764322917,3539.2123046875,3626.325813802083,3538.989778645833,3361.581282552083
hevc_71_227_3,3376.872428385417,3318.48447265625,3329.809016927084,3368.5099609375,3351.78662109375,3353.26953125
hevc_71_230_5,3569.86015625,3500.75234375,3505.888736979166,3191.001888020833,3152.940234375,3551.64775390625
hevc_71_236_8,2811.007845052083,3446.995865885417,3563.405696614583,3544.5703125,3231.85458984375,3046.880338541667
hevc_73_0_6,2537.02353515625,3298.872395833333,3121.484895833333,2635.853515625,3254.688509114583,3116.563378906249
hevc_74_0_4,1071.283671875,1127.000546875,925.7359895833333,1152.969479166667,889.6579427083334,1204.06
hevc_74_13_2,2652.300234375,2468.350286458333,2612.410416666667,2568.748880208334,2494.251067708333,2574.860494791666
hevc_74_17_3,764.6737499999999,953.2455729166668,927.8673958333334,644.2462760416666,1211.8753125,674.145
hevc_74_29_2,2032.371276041667,1941.603177083333,1942.984505208333,1870.7609375,1763.5640625,1855.846692708333
hevc_74_37_2,1204.326770833333,2306.531640625,2533.614661458333,2559.805911458333,2494.5109375,2534.750703125
hevc_74_40_3,2793.61125,2713.708671875,2874.472421875,2804.386770833333,2771.560546875,2775.131979166666
hevc_74_46_2,1277.406484375,1335.780911458333,1134.255911458333,1480.694921875,1389.76203125,1168.430729166667
hevc_74_52_2,1995.128255208333,2167.559817708333,2170.293802083334,2166.601119791667,2155.49796875,2093.422578125
hevc_75_0_3,10.33010525173611,9.61623806423611,137.2055392795139,81.58308919270833,516.2502983940973,44.04242621527778
hevc_75_4_3,793.4342719184028,935.5594346788195,1054.627685546875,1075.049153645833,1087.538492838542,890.170681423611
hevc_75_8_2,852.5076497395834,802.9021538628473,723.0698513454862,771.4622667100693,899.1206868489584,1077.131401909722
hevc_75_11_2,569.0198296440972,786.9566786024305,536.9702690972223,299.2609049479166,730.6704915364584,911.3348524305554
hevc_75_16_3,573.2757975260416,449.5073784722222,484.2484809027778,312.3253038194445,48.36360677083333,80.31540256076389
hevc_75_22_2,448.1352810329861,369.2571885850695,306.5687391493055,443.797119140625,287.0387098524305,278.6065266927083
hevc_75_30_3,475.6992187500001,580.49560546875,1978.050021701389,2180.759548611111,2062.777425130208,1979.62841796875
hevc_75_42_2,263.1598578559028,279.1678331163195,934.1705186631943,1309.578830295139,1284.841661241319,1225.052381727431
hevc_75_45_3,343.5474989149305,298.144287109375,284.0326063368055,245.1478407118055,685.187744140625,184.7118326822917
hevc_75_55_2,872.7969563802083,767.8720974392361,859.8510199652778,796.9551866319445,522.3400065104166,938.8821614583333
hevc_75_58_5,362.3664279513889,268.2834201388889,211.7958441840278,171.2642144097222,254.4745822482639,146.1502278645833
hevc_75_68_2,2022.196750217014,1934.497477213542,1865.90478515625,1802.623019748264,1751.395887586806,1412.886501736111
hevc_76_1_2,3198.374739583333,4736.335742187501,3100.265234375,3930.245572916667,3673.7619140625,2591.5275390625
hevc_76_5_2,4675.475911458334,5304.38046875,4271.252799479166,3722.873697916667,2022.786393229167,3791.286458333333
hevc_79_0_4,25.8,1016.97796875,1251.462552083333,1131.625364583333,1167.355104166667,1104.909791666667
hevc_79_6_2,1690.717213541667,1754.918020833333,1768.621744791667,1788.819635416667,1790.964036458333,1794.47875
hevc_79_20_3,788.6216145833333,1711.2384375,1667.092708333333,1724.350494791667,1690.57125,1734.936744791667
hevc_79_38_3,1210.003125,1584.925234375,1692.5296875,1392.882135416667,1509.014322916667,1208.247473958333
hevc_79_46_5,1061.651067708333,1116.1359375,1312.610078125,1272.337526041667,1212.783098958333,1047.220364583333
hevc_79_55_2,384.64734375,535.1588281249999,511.6330729166667,561.451875,468.2383072916666,428.3941927083334
hevc_79_64_3,2106.478333333333,2010.762239583333,1956.738567708333,1963.620078125,1965.233541666667,1906.320234375
hevc_79_73_3,841.2279166666666,804.8639062499999,819.6664062499999,781.6120572916667,1084.995182291667,813.5138541666666
hevc_79_90_2,558.0880208333333,508.7478385416667,535.108359375,504.4729947916666,516.85921875,420.9123958333333
hevc_79_141_3,1079.126171875,982.9951302083334,876.7197395833334,939.2433333333333,1025.716822916667,855.0896354166666
hevc_79_192_3,926.7174739583334,852.9834114583332,887.8459114583334,815.5424218750001,1184.500885416667,719.7221354166667
hevc_79_205_3,1980.29765625,1925.170104166667,1931.694244791667,2041.182734375,2143.073307291666,2041.675963541667
hevc_79_258_3,2173.74453125,2011.48515625,2174.512447916667,2179.90078125,2102.571510416667,2085.035026041667
hevc_79_273_3,697.42625,588.5204427083333,563.347421875,652.5289583333333,944.6482291666666,700.5914062500001
hevc_79_327_2,396.0349479166666,291.25875,313.038984375,465.0543229166666,399.7311979166667,402.4670572916666
hevc_79_384_4,958.723359375,945.0652083333333,931.2027864583332,809.8579947916667,817.8705208333333,708.0852343749999
hevc_79_397_2,1332.770234375,1274.231223958333,1192.695520833333,1219.632135416667,1173.884244791667,1206.229817708333
hevc_79_404_3,22.18484375,23.89755208333333,56.52239583333333,84.23216145833334,45.33713541666667,32.91520833333333
hevc_79_418_2,1891.083645833333,1845.236119791667,1825.692760416667,1272.484010416667,1885.6690625,1625.341302083334
hevc_80_4_4,2437.473334418403,2584.991807725694,2624.256591796875,2645.626844618056,2814.01841905382,2844.580322265625
hevc_80_9_14,3185.153428819444,3064.496717664931,3101.065890842014,3132.586669921875,3162.510172526042,3151.665228949652
hevc_80_24_8,499.1656629774306,324.977294921875,427.0947808159722,168.7646755642361,735.7362467447916,338.020263671875
hevc_80_33_5,1917.372124565972,1926.14906141493,1576.377360026042,1442.363199869792,1205.384548611111,1596.364420572917
hevc_80_41_6,79.43199327256946,96.58840603298611,189.2022298177083,127.7935655381944,125.094970703125,26.36756727430556
hevc_80_48_3,447.9985622829861,238.2584906684028,649.6578504774305,697.0597873263889,106.7086859809028,28.692626953125
hevc_80_53_2,3143.521457248264,3135.473904079861,3084.052652994792,3094.068929036458,3116.05615234375,3132.812364366319
hevc_80_56_6,3008.520806206597,3026.805881076389,3007.521945529514,3004.896918402778,2980.015055338542,3034.120578342014
hevc_80_63_4,3140.027859157986,3150.377685546875,3135.80921766493,3152.273627387152,3148.531819661458,3132.831298828125
hevc_80_101_4,2877.077284071181,1989.657958984375,2105.493435329861,2974.610134548611,2793.242892795139,2832.742540147569
hevc_80_106_4,3120.081163194444,3111.475857204861,2999.018500434027,3137.993136935764,3182.244845920139,3103.723985460069
hevc_80_116_3,2611.815565321181,2616.724880642361,2772.451144748264,2225.881239149306,2579.919542100695,2328.923665364583
hevc_80_127_4,2867.169650607639,2588.811740451389,2622.183051215278,2956.129041883681,2886.83517795139,2788.924750434028
hevc_80_135_4,3139.267523871528,3127.313910590277,3106.162462022569,3093.091878255208,3176.953206380208,3025.704752604167
hevc_80_145_4,2814.616455078125,2462.777777777778,2919.544514973958,2930.004204644097,2887.186333550348,2874.971842447916
hevc_80_150_3,2389.952067057292,2269.86669921875,2128.792344835069,2266.246961805556,2226.796223958333,2227.423800998264
hevc_80_178_3,2369.256049262153,2269.86669921875,2128.792344835069,2298.276312934028,2098.441596137153,2222.799153645833
hevc_80_182_3,2494.067030164931,2487.825141059028,2395.880750868056,2428.013292100694,2389.558919270833,2303.098307291667
hevc_80_186_3,2707.322835286458,2715.025146484375,2650.805745442708,2806.083034939236,2662.403049045139,2776.010199652778
hevc_80_190_3,2695.57080078125,2670.076822916667,2717.894151475694,2684.880452473958,2820.470269097223,2805.592475043403
hevc_82_62_2,2770.23890625,2765.010859375,2757.766666666667,2762.441380208334,2698.652994791667,2790.900078125
hevc_82_65_3,2807.561692708334,2578.992369791667,2577.9821875,2157.180677083334,2618.294036458334,2706.719401041667
hevc_82_96_3,2587.380625,2583.869713541667,2445.251354166667,2410.638098958333,2466.107213541667,2580.938880208334
hevc_82_100_14,2270.284895833333,2372.173177083333,2130.58453125,1934.52828125,1955.307083333333,1290.312291666667
hevc_83_7_4,1767.63671875,2147.820416666666,2221.934791666667,2170.8625,2049.471197916667,1926.264166666667
hevc_83_12_6,1408.925729166667,1651.24765625,1578.523932291667,1632.089088541667,1613.894114583333,1932.913177083333
hevc_83_19_3,2133.387109375,2166.02125,2174.279453125,2152.666770833333,2152.760546875,2173.306484375
hevc_83_23_6,1975.441692708333,1665.506458333333,1798.54359375,1998.71625,2037.824505208333,1945.800885416667
hevc_83_30_5,956.913984375,1025.490078125,1349.563359375,1198.750807291667,1535.130416666667,1387.590677083334
hevc_83_36_8,1770.491041666666,1513.483098958333,1750.65625,1801.182161458333,1745.841848958333,1840.831145833333
hevc_83_45_4,913.9483072916668,1309.704869791667,1351.3271875,981.30140625,1155.044166666667,1067.71421875
hevc_83_50_5,1400.189140625,1508.434895833333,798.7517708333334,1005.623046875,883.2301302083333,670.6890104166667
hevc_83_56_7,2184.410208333333,2084.538151041666,1789.201041666667,1518.090807291667,1642.04015625,1408.813177083333
hevc_83_64_5,1735.259505208333,1900.108463541667,1944.866822916667,1913.864661458333,1872.419453125,1751.544401041667
hevc_83_70_8,1503.950833333333,1597.168984375,1786.298333333333,1846.282473958333,1880.543359375,1701.509348958333
hevc_83_79_7,1938.463307291667,1924.696510416667,1980.771119791667,2050.046223958333,2059.408177083334,1965.6728125
hevc_83_93_17,1063.552552083333,1293.577578125,1399.042135416667,1397.041041666667,1611.911536458334,1829.71078125
hevc_83_112_4,46.696796875,63.49372395833333,86.254609375,30.49908854166667,46.28330729166667,76.96546875000001
hevc_91_16_7,2732.841438802084,2440.113346354167,2236.551106770833,2099.70751953125,2284.93759765625,2647.850618489583
hevc_91_24_8,2553.772135416667,2459.4837890625,2745.159440104167,2785.417708333333,2749.828645833333,3552.907975260417
hevc_91_34_8,2488.862890625,1999.9009765625,2579.312337239583,1896.262272135417,2229.3888671875,1908.76533203125
hevc_91_47_5,2728.74541015625,3177.400716145833,3139.849869791667,2573.782486979167,2657.394466145834,2397.712923177083
hevc_91_53_8,2746.3125,2727.904166666666,3481.469921875,3506.14140625,3236.287434895833,3488.980403645833
hevc_91_62_6,1728.51806640625,2761.207454427084,1567.672298177083,1866.255045572917,1742.96044921875,1864.231705729167
hevc_91_69_6,2902.391341145833,3534.729329427083,2592.1640625,2677.96416015625,2757.786588541667,3251.502669270833
hevc_91_76_11,1727.895442708333,1944.3974609375,2961.70625,2398.44814453125,2059.00615234375,2734.9423828125
hevc_91_89_19,3125.1404296875,2062.34462890625,2780.013444010417,2264.874837239583,2364.286328125,1446.690071614583
hevc_92_16_2,1749.679375,1809.398203125,1849.4028125,1852.434166666666,1871.086796875,1878.45828125
hevc_92_24_3,1105.51328125,1385.443880208333,1291.032604166667,1252.127630208333,1438.391432291667,1080.620078125
hevc_92_30_3,1558.058177083333,1534.764114583333,1659.667239583333,1668.065026041666,1433.702135416667,1396.7840625
hevc_92_34_2,1754.3053125,1808.392239583333,1845.115338541667,1686.278098958333,1844.438229166667,1834.093411458333
hevc_92_50_2,609.5686718750001,634.0439322916666,571.48421875,685.0038281249999,628.4443489583333,615.8132552083333
hevc_92_60_2,1107.276432291667,1054.41890625,1051.036119791667,1308.091536458333,1164.647135416667,1157.481302083333
hevc_92_81_4,997.6406770833333,738.546171875,753.7815104166666,571.9205989583332,914.0441406250001,658.4597916666667
hevc_92_87_19,470.6461979166667,584.7811458333333,975.3917447916667,764.415546875,514.45578125,489.2311197916667
hevc_92_108_3,1191.8903125,1193.518489583333,1170.139322916667,1168.701770833333,1070.569609375,1052.203880208333
hevc_92_112_7,513.1707552083334,1032.790755208333,697.7266666666667,663.7836197916668,707.9484635416667,882.67015625
hevc_92_128_3,1159.480104166667,1168.598307291667,900.4760677083333,1103.099869791667,1055.205989583333,968.9747656249999
hevc_92_167_2,903.4909635416666,888.9840885416668,846.9227604166666,832.4845572916668,858.8561197916666,790.4609895833335
hevc_92_173_3,280.4735416666667,256.9592708333333,251.6676041666667,276.8267708333333,308.0591145833333,244.3263541666667
hevc_92_212_6,1441.899791666667,1489.556770833333,1484.684505208333,1484.948697916667,1442.713880208333,1532.365234375
hevc_93_0_19,3665.055110677083,3545.879134114583,3573.873372395833,3555.30439453125,3605.79609375,3565.129264322916
hevc_93_28_6,3362.851920572917,3140.0103515625,3267.70810546875,3072.495670572916,3000.8396484375,3410.495735677083
hevc_93_52_11,3457.017740885417,3323.458854166667,3391.859407552084,3550.83798828125,3306.44833984375,3506.4125
hevc_93_116_27,3595.55302734375,3748.13896484375,3554.721842447917,3503.754850260417,3426.409602864584,3295.1052734375
hevc_93_161_8,2274.693294270834,2215.852083333333,3512.671419270833,3466.185546875,3579.315983072916,3685.834602864583
hevc_93_170_11,2808.145377604167,3215.297428385417,3441.726790364583,3318.420930989583,3232.547102864583,3056.022037760416
hevc_93_191_16,3502.39013671875,3036.862174479166,3113.747721354167,3022.034635416667,3075.757584635417,3230.92001953125
hevc_93_226_16,3131.4142578125,3407.520735677083,3671.7330078125,3592.464192708333,3143.25419921875,3408.994108072917
hevc_93_256_7,3199.669270833333,3386.32890625,3406.790625,3356.022005208333,3341.007063802083,3345.60068359375
hevc_93_264_8,3567.554622395834,3468.090885416666,3479.975553385416,3340.17939453125,3452.864420572916,3584.96748046875
hevc_95_1_5,2293.959140625,2366.58671875,2515.108098958333,2478.951197916666,2278.10484375,2373.6940625
hevc_95_11_5,2343.208385416667,2113.394609375,2805.21453125,2139.776666666667,2247.985182291667,2195.699479166667
hevc_95_25_4,2756.957135416666,2679.624453125,2542.932734375,2343.699401041667,2219.520625,2348.547265625
hevc_95_30_18,2511.043489583333,2719.312942708334,2815.313697916667,2783.799765625,2658.562942708334,2722.298645833333
hevc_95_49_6,2158.522031250001,2243.30296875,2980.978932291667,2240.10125,2219.392708333333,2902.506458333334
hevc_95_56_5,2373.129348958333,2587.234296875,2024.557135416667,2024.636302083333,2701.113177083334,2711.492213541667
hevc_95_62_7,2436.132447916667,2486.65015625,2451.722942708333,2450.252135416667,2133.60703125,2827.729010416667
hevc_95_84_5,2407.755286458333,2394.955651041667,2465.099375,2398.020598958333,2375.551354166667,2505.942421875
hevc_95_96_5,2621.56234375,2514.174114583333,2279.717135416667,2122.409869791667,2521.802526041667,2693.77578125
hevc_95_155_2,2711.977864583333,2785.690625,2752.82828125,2706.677239583333,2753.680416666666,2739.064166666667
hevc_95_179_10,2253.78546875,1992.691197916666,2296.266536458334,2530.518697916666,1982.062838541667,1940.37671875
hevc_95_233_3,827.8143749999999,2822.664791666667,2832.236666666667,2924.582265625,2849.042838541666,2828.267239583333
hevc_95_240_4,2718.245286458334,2757.595052083333,2757.761692708333,2756.809921875,2734.511744791666,2667.0634375
hevc_95_266_3,2213.979401041667,2148.52203125,2476.956536458333,2256.294609375,2314.922760416667,2449.563255208333
hevc_95_274_6,2105.33203125,1801.203776041667,1935.9996875,1880.612916666667,1915.313255208333,1980.237291666667
hevc_95_281_4,2711.041432291667,2642.499505208333,2451.314114583333,2593.782421875,2554.419583333333,2558.952057291667
hevc_95_292_5,2488.423802083333,2814.584817708333,2867.201901041667,2808.453697916666,2698.033645833334,2531.043255208333
hevc_95_321_6,2745.0590625,2657.030078125,2463.719375,2607.735755208334,2797.672734375,2639.788932291666
hevc_95_331_5,2959.854739583333,2901.817057291667,2845.609973958333,1459.805729166666,1469.185338541667,1602.973567708333
hevc_95_359_7,2568.595364583333,2577.50296875,2391.504479166666,2338.708802083333,2223.8503125,2369.352421875
hevc_95_417_8,2773.325598958334,2835.3109375,2764.378098958333,2248.94140625,2634.363411458333,2574.280416666667
hevc_97_6_3,1133.982096354167,1300.456244574653,1036.460747612847,1144.804660373264,1630.408908420139,1015.165445963542
hevc_97_10_7,2655.667317708333,2499.773193359375,2536.20751953125,2538.210856119792,2386.521077473958,2396.784125434028
hevc_97_18_8,2932.798638237848,2725.258192274306,2847.731011284722,2838.509521484375,2726.551703559028,2459.999755859375
hevc_97_30_4,2320.346218532986,2487.794270833333,2344.418077256944,2390.395317925347,2332.902072482639,2022.274061414931
hevc_97_42_5,1994.144639756944,2227.946343315972,2078.731472439236,2345.90869140625,2526.461263020833,2155.350884331597
hevc_97_48_5,2289.050835503472,1556.285861545139,1677.261610243055,1620.321614583333,1992.980794270833,2032.488932291667
hevc_97_54_5,423.1038953993055,466.3307291666667,318.2288682725695,518.6110568576389,538.4695909288195,362.8957248263889
hevc_97_63_10,2515.403998480903,1856.511338975694,1684.448811848958,1530.166720920139,1874.960340711806,2079.843370225694
hevc_97_75_2,505.9329698350695,333.5410698784722,751.5554470486112,420.6177029079861,570.2001410590278,493.0813802083333
hevc_97_79_2,1951.507731119792,2151.80712890625,2345.861246744792,2226.531304253472,2080.343180338542,2018.358561197917
hevc_97_82_4,818.5044487847222,952.8609754774305,1369.220241970486,932.6851942274305,1535.733588324653,1950.37046983507
hevc_97_87_5,1291.793348524305,1321.616536458333,1366.625705295139,1197.102674696181,1506.427978515625,1366.850504557292
hevc_97_101_6,1788.927191840278,2288.212809244791,1994.187581380208,2153.637152777778,2052.634006076389,2215.844889322917
hevc_97_111_3,1661.681776258681,1436.621853298611,1487.514241536458,1759.81005859375,1609.217854817708,1306.145399305555
hevc_97_115_5,2448.601399739583,2575.371934678819,2593.15771484375,2612.383002387153,2574.992268880208,2649.232801649306
hevc_97_121_4,2242.320665147569,1807.400906032986,1282.180745442708,2273.599148220486,2107.256212022569,1417.865749782986
hevc_98_29_4,2178.045708550348,2295.757948133681,2216.668212890625,2581.411295572917,2389.059624565972,2175.692708333333
hevc_98_61_4,2529.174669053819,2409.530056423611,2525.106282552083,2448.699435763889,2304.993842230903,2251.290717230903
hevc_98_71_5,2288.231770833333,2339.721815321181,2252.419162326389,2300.8525390625,2333.939561631944,2387.993299696181
hevc_98_86_3,2428.355984157986,2422.339084201389,2386.715603298611,2417.06787109375,2368.20654296875,2383.796522352431
clip_20,18.94238573926074,995.2070585664337,1189.387253371628,295.5656583000334,189.0319055944056,164.7841481435232
clip_21,566.2534340659341,558.5973921911423,555.9785526973027,209.547874000999,287.5986253330003,440.4778554778555
clip_22,1019.879573551449,861.3644688644688,936.3039044289046,1012.11551469364,730.5694045537795,1524.975181068931
clip_23,1081.613360597736,1845.055231227106,1801.214748792874,1995.795818764569,2015.5776254995,1868.752653596403
clip_24,395.7194107975358,1113.486071220446,1274.238495879121,933.7832740176491,1228.328598484848,1095.611237720613
clip_25,1759.898512945388,1896.181214618715,839.2388340825842,1240.73129995005,758.5784007659008,1052.122200715951
clip_26,536.2576225857476,619.1297504578756,648.9639266983017,1925.616466866467,1143.211528055278,1516.397352647353
clip_27,869.5840877872129,1271.308353105228,1369.763413669664,1476.685970279721,1042.406863969364,1716.838057775558
clip_28,0.0,297.6649912587413,645.4119578338328,350.4994484681985,623.7066839410589,351.2838983932734
clip_29,1404.723427614053,1361.242403429904,1386.255853521479,1406.795027888778,1375.2125999001,1310.085201257077
clip_30,478.1842116217117,507.8764464701966,500.274387071262,638.3666333666334,491.8875655594405,507.4407623626374
clip_31,1312.043165168165,1405.415183774559,1242.239921536797,1138.203359140859,792.6025797119548,737.1329451798204
clip_32,1429.139220154845,138.6383148101898,168.4351065601065,173.085013944389,133.8823156010656,59.95135073260073
clip_33,285.2578671328672,399.5963931901433,557.9318598068598,399.8121409840161,218.0980477855478,428.602153055278
clip_34,1111.424981268731,1158.35193452381,1308.203151015651,1273.371836496837,1305.843011155511,1257.016447094572
clip_35,1102.306937853813,1191.967511655012,1112.604452838828,1085.784944222444,301.2408945221445,1175.12706043956
clip_36,1560.228365384615,1703.591148434899,1965.750499500499,2102.170017482518,2053.849665959041,1909.52664522977
